id_registo,data_registo,unidade_organizacional,tipo_servico,indicador_si,taxa_resolucao,tempo_resposta,satisfacao_cidadao,volume_interacoes,canal_utilizado,taxa_abandono,erros_tecnicos,transparencia,feedback_cidadao,segmentacao_utilizador,area_tematica,indicador_kpi
1,2024-04-12,Direcção De Serviços Financeiros,Telefone,83.02,87.37,36,3.8,368,Presencial,22.41,7,Sim,Processo Complicado,Empresa,Cultura,63.13
2,2024-12-14,Departamento De Inovação E Digitalização,Balcão Único,75.53,89.71,29,4.1,349,Email,14.87,1,Sim,Bom Serviço,Funcionário Público,Saúde,63.58
3,2024-09-27,Direcção De Recursos Humanos,Chatbot,85.73,75.96,38,3.3,398,Telefone,15.42,5,Não,Processo Complicado,Estudante,Inovação,73.64
4,2024-04-16,Departamento De Planeamento Estratégico,Email,78.33,73.82,57,3.4,74,Aplicacao_Movel,15.32,11,Sim,Processo Complicado,Funcionário Público,Digitalização,99.19
5,2024-03-12,Direcção De Recursos Humanos,Atendimento Presencial,81.82,70.41,97,4.7,487,Portal,7.47,4,Sim,Serviço Eficiente,Cidadão,Saúde,63.45
6,2024-07-07,Serviços De Educação,Telefone,97.66,79.82,101,4.9,186,Chatbot,23.38,12,Não,Muito Satisfeito,Reforma/Pensionista,Mobilidade,70.35
7,2024-01-21,Direcção De Recursos Humanos,Telefone,75.44,86.52,27,3.7,12,Chatbot,23.68,9,Sim,Muito Satisfeito,Reforma/Pensionista,Social,94.57
8,2024-04-12,Departamento De Inovação E Digitalização,Atendimento Presencial,98.45,80.98,55,3.5,438,Chatbot,15.63,8,Sim,Falta De Informação,Reforma/Pensionista,Social,50.15
9,2024-05-01,Direcção De Recursos Humanos,Balcão Único,96.21,82.25,33,4.3,151,Email,19.59,11,Sim,Precisa Melhorias,Estudante,Saúde,51.99
10,2024-08-02,Direcção De Serviços Financeiros,Telefone,67.83,95.32,68,3.8,385,Presencial,15.31,4,Sim,Serviço Eficiente,Reforma/Pensionista,Cultura,80.2
11,2024-11-26,Direcção De Serviços Financeiros,Serviços Digitais,62.77,79.75,86,3.1,167,Telefone,12.11,1,Sim,Falta De Informação,Cidadão,Digitalização,95.37
12,2024-03-28,Gabinete De Atendimento Ao Cidadão,Chatbot,64.03,84.39,66,3.3,333,Portal,16.52,4,Não,Excelente Atendimento,Funcionário Público,Educação,61.94
13,2024-04-09,Serviços De Ti,Email,60.73,91.94,10,4.4,155,Aplicacao_Movel,13.83,14,Sim,Precisa Melhorias,Estudante,Educação,73.48
14,2024-12-25,Departamento De Saúde Pública,Atendimento Presencial,63.78,81.1,5,4.3,455,Portal,14.94,11,Sim,Precisa Melhorias,Funcionário Público,Mobilidade,72.52
15,2024-05-31,Departamento De Planeamento Estratégico,Email,87.32,87.42,74,3.1,302,Aplicacao_Movel,19.6,3,Sim,Tempo De Espera Elevado,Estudante,Cultura,73.65
16,2024-05-10,Serviços De Educação,Serviços Digitais,62.85,94.15,97,3.4,162,Email,12.02,14,Sim,Tempo De Espera Elevado,Funcionário Público,Ambiente,81.13
17,2024-05-29,Direcção De Recursos Humanos,Telefone,72.76,96.59,118,3.5,441,Chatbot,1.02,10,Sim,Resposta Rápida E Eficaz,Empresa,Ambiente,73.49
18,2024-11-04,Direcção De Recursos Humanos,Telefone,93.8,74.12,38,4.3,202,Email,4.1,6,Sim,Resposta Rápida E Eficaz,Funcionário Público,Inovação,72.37
19,2024-09-14,Departamento De Inovação E Digitalização,Serviços Digitais,60.93,95.94,13,3.0,446,Presencial,10.97,5,Não,Processo Complicado,Reforma/Pensionista,Digitalização,73.71
20,2024-12-09,Serviços De Ti,Atendimento Presencial,92.58,83.78,31,3.2,472,Presencial,18.12,13,Sim,Excelente Atendimento,Empresa,Digitalização,79.54
21,2024-10-20,Direcção De Serviços Financeiros,Chatbot,71.27,77.23,47,4.6,82,Aplicacao_Movel,14.83,1,Sim,Sistema Lento,Funcionário Público,Social,76.85
22,2024-07-10,Departamento De Planeamento Estratégico,Portal Online,64.73,82.86,100,3.4,408,Telefone,16.26,11,Sim,Sistema Lento,Estudante,Habitação,92.71
23,2024-10-03,Gabinete De Atendimento Ao Cidadão,Atendimento Presencial,87.87,97.44,109,4.3,314,Telefone,11.98,10,Sim,Tempo De Espera Elevado,Estudante,Mobilidade,52.47
24,2024-06-09,Direcção De Serviços Financeiros,Portal Online,85.16,83.79,88,3.5,386,Aplicacao_Movel,15.39,10,Sim,Tempo De Espera Elevado,Estudante,Educação,91.67
25,2024-11-09,Serviços De Educação,Serviços Digitais,95.1,79.21,52,3.2,353,Presencial,8.23,12,Sim,Tempo De Espera Elevado,Utilizador Vulnerável,Mobilidade,92.2
26,2024-01-22,Serviços De Ti,Balcão Único,89.4,87.74,56,3.5,461,Presencial,11.75,4,Não,Serviço Eficiente,Cidadão,Ambiente,64.25
27,2024-09-09,Serviços De Educação,Portal Online,92.14,76.72,15,4.4,149,Presencial,18.61,6,Sim,Bom Serviço,Estudante,Ambiente,73.14
28,2024-08-23,Departamento De Saúde Pública,Chatbot,71.28,72.12,29,4.7,196,Email,21.8,10,Sim,Resposta Rápida E Eficaz,Empresa,Saúde,71.93
29,2024-12-10,Gabinete De Atendimento Ao Cidadão,Balcão Único,67.1,73.61,8,4.7,302,Presencial,10.84,6,Não,Serviço Eficiente,Estudante,Inovação,60.93
30,2024-02-18,Departamento De Saúde Pública,Portal Online,90.02,73.59,5,3.8,70,Portal,1.09,14,Não,Muito Satisfeito,Utilizador Vulnerável,Digitalização,69.84
31,2024-02-28,Departamento De Inovação E Digitalização,Serviços Digitais,92.27,74.25,29,4.3,494,Chatbot,4.04,4,Sim,Sistema Lento,Reforma/Pensionista,Mobilidade,52.22
32,2024-06-18,Serviços De Educação,Balcão Único,99.62,73.89,47,3.4,436,Presencial,0.52,11,Sim,Precisa Melhorias,Empresa,Ambiente,63.89
33,2024-07-06,Departamento De Inovação E Digitalização,Serviços Digitais,76.5,87.94,68,3.6,389,Aplicacao_Movel,16.33,14,Sim,Resposta Rápida E Eficaz,Utilizador Vulnerável,Habitação,90.83
34,2024-09-27,Direcção De Recursos Humanos,Portal Online,74.88,75.09,76,4.8,207,Chatbot,8.31,8,Não,Falta De Informação,Reforma/Pensionista,Social,64.23
35,2024-07-08,Departamento De Saúde Pública,Serviços Digitais,91.06,79.68,45,3.0,304,Email,13.56,3,Não,Muito Satisfeito,Empresa,Educação,90.91
36,2024-06-23,Serviços De Ti,Chatbot,73.63,95.11,2,3.2,449,Aplicacao_Movel,12.33,10,Sim,Resposta Rápida E Eficaz,Funcionário Público,Inovação,76.58
37,2024-02-20,Serviços De Educação,Portal Online,97.23,83.27,27,3.4,328,Chatbot,2.04,2,Não,Serviço Eficiente,Cidadão,Habitação,93.99
38,2024-12-29,Departamento De Planeamento Estratégico,Portal Online,94.34,88.69,95,3.1,311,Aplicacao_Movel,10.08,14,Sim,Excelente Atendimento,Cidadão,Inovação,78.74
39,2024-02-24,Gabinete De Atendimento Ao Cidadão,Portal Online,77.16,74.82,115,3.4,353,Email,5.51,3,Sim,Precisa Melhorias,Utilizador Vulnerável,Saúde,51.48
40,2024-08-31,Direcção De Serviços Financeiros,Atendimento Presencial,90.03,75.38,115,4.2,20,Portal,10.46,4,Sim,Resposta Rápida E Eficaz,Reforma/Pensionista,Ambiente,83.77
41,2024-11-15,Serviços De Ti,Atendimento Presencial,90.18,71.14,36,3.8,71,Email,5.09,12,Não,Bom Serviço,Cidadão,Social,52.24
42,2024-05-10,Serviços De Ti,Atendimento Presencial,64.12,74.73,36,4.8,342,Email,21.01,5,Sim,Tempo De Espera Elevado,Reforma/Pensionista,Habitação,72.53
43,2024-11-02,Departamento De Inovação E Digitalização,Chatbot,96.1,77.8,26,4.6,235,Aplicacao_Movel,4.35,2,Não,Tempo De Espera Elevado,Reforma/Pensionista,Inovação,96.47
44,2024-05-14,Departamento De Saúde Pública,Balcão Único,80.21,74.96,43,3.7,162,Telefone,24.02,1,Não,Precisa Melhorias,Utilizador Vulnerável,Digitalização,58.26
45,2024-01-21,Serviços De Educação,Serviços Digitais,93.06,72.48,27,3.5,208,Presencial,10.4,13,Sim,Serviço Eficiente,Utilizador Vulnerável,Saúde,69.49
46,2024-11-24,Serviços De Educação,Telefone,72.8,73.38,69,3.8,61,Presencial,21.16,12,Sim,Tempo De Espera Elevado,Utilizador Vulnerável,Digitalização,86.49
47,2024-06-15,Direcção De Recursos Humanos,Portal Online,95.82,82.9,20,4.2,269,Portal,15.72,3,Sim,Resposta Rápida E Eficaz,Cidadão,Social,94.11
48,2024-09-30,Direcção De Recursos Humanos,Serviços Digitais,75.57,75.78,11,3.5,68,Portal,18.38,4,Sim,Falta De Informação,Utilizador Vulnerável,Habitação,83.55
49,2024-03-29,Gabinete De Atendimento Ao Cidadão,Portal Online,60.43,80.2,74,4.2,81,Presencial,19.19,3,Sim,Sistema Lento,Cidadão,Saúde,62.91
50,2024-11-11,Departamento De Inovação E Digitalização,Chatbot,96.22,84.1,104,3.8,157,Telefone,12.62,13,Sim,Sistema Lento,Utilizador Vulnerável,Habitação,83.73
51,2024-01-14,Serviços De Ti,Portal Online,63.65,89.33,38,4.1,358,Presencial,13.58,10,Não,Muito Satisfeito,Estudante,Ambiente,64.84
52,2024-08-29,Serviços De Educação,Atendimento Presencial,72.77,71.1,6,3.9,72,Telefone,12.85,12,Sim,Processo Complicado,Reforma/Pensionista,Cultura,85.92
53,2024-09-21,Departamento De Planeamento Estratégico,Telefone,98.0,92.38,72,3.6,319,Portal,14.7,14,Sim,Excelente Atendimento,Utilizador Vulnerável,Saúde,97.7
54,2024-12-11,Departamento De Inovação E Digitalização,Email,98.02,87.58,23,4.9,382,Chatbot,0.73,11,Sim,Precisa Melhorias,Empresa,Digitalização,86.07
55,2024-02-22,Gabinete De Atendimento Ao Cidadão,Portal Online,82.94,72.29,47,4.5,252,Aplicacao_Movel,9.89,2,Sim,Muito Satisfeito,Reforma/Pensionista,Social,93.14
56,2024-12-05,Gabinete De Atendimento Ao Cidadão,Serviços Digitais,85.27,94.46,90,3.3,375,Portal,15.15,7,Sim,Processo Complicado,Reforma/Pensionista,Ambiente,50.11
57,2024-04-01,Departamento De Inovação E Digitalização,Atendimento Presencial,77.94,95.78,46,4.7,339,Portal,14.94,9,Sim,Serviço Eficiente,Utilizador Vulnerável,Cultura,85.88
58,2024-09-20,Gabinete De Atendimento Ao Cidadão,Email,71.73,71.71,107,4.0,116,Email,19.82,3,Não,Bom Serviço,Funcionário Público,Educação,91.48
59,2024-02-04,Departamento De Inovação E Digitalização,Telefone,73.15,77.75,12,4.8,235,Email,16.38,13,Sim,Bom Serviço,Utilizador Vulnerável,Ambiente,52.03
60,2024-07-24,Direcção De Serviços Financeiros,Email,86.9,92.57,90,4.6,322,Email,24.8,1,Não,Excelente Atendimento,Reforma/Pensionista,Social,93.58
61,2024-03-21,Departamento De Inovação E Digitalização,Atendimento Presencial,90.09,90.95,13,3.9,227,Aplicacao_Movel,7.1,1,Não,Tempo De Espera Elevado,Empresa,Inovação,62.83
62,2024-02-19,Departamento De Saúde Pública,Balcão Único,91.66,75.17,104,3.0,434,Email,8.98,0,Sim,Resposta Rápida E Eficaz,Reforma/Pensionista,Saúde,83.26
63,2024-12-25,Departamento De Inovação E Digitalização,Balcão Único,91.58,75.86,62,3.5,250,Telefone,9.6,12,Não,Muito Satisfeito,Empresa,Habitação,90.02
64,2024-01-02,Gabinete De Atendimento Ao Cidadão,Email,63.65,80.37,82,4.1,268,Presencial,11.65,3,Sim,Muito Satisfeito,Cidadão,Social,83.13
65,2024-02-23,Serviços De Educação,Chatbot,79.78,83.57,89,4.3,385,Chatbot,20.9,9,Não,Precisa Melhorias,Estudante,Saúde,54.61
66,2024-04-15,Departamento De Saúde Pública,Serviços Digitais,62.3,87.31,97,3.5,271,Portal,5.89,8,Sim,Precisa Melhorias,Reforma/Pensionista,Habitação,79.82
67,2024-09-16,Gabinete De Atendimento Ao Cidadão,Serviços Digitais,81.98,80.33,111,3.3,14,Telefone,19.4,13,Não,Bom Serviço,Utilizador Vulnerável,Mobilidade,77.48
68,2024-11-05,Direcção De Recursos Humanos,Email,77.66,82.95,104,4.7,270,Chatbot,10.13,10,Não,Bom Serviço,Cidadão,Digitalização,95.02
69,2024-07-09,Direcção De Recursos Humanos,Portal Online,95.51,90.93,60,5.0,63,Telefone,15.05,6,Não,Falta De Informação,Estudante,Educação,70.21
70,2024-08-05,Serviços De Educação,Portal Online,74.04,71.03,43,4.1,56,Telefone,15.81,14,Não,Falta De Informação,Utilizador Vulnerável,Ambiente,66.05
71,2024-02-13,Serviços De Educação,Serviços Digitais,64.68,77.07,76,3.3,224,Portal,9.32,11,Sim,Tempo De Espera Elevado,Funcionário Público,Social,87.49
72,2024-06-10,Departamento De Saúde Pública,Serviços Digitais,65.72,89.97,108,3.5,186,Presencial,12.82,9,Sim,Falta De Informação,Utilizador Vulnerável,Educação,70.63
73,2024-07-20,Direcção De Serviços Financeiros,Balcão Único,90.46,95.07,100,3.0,18,Email,10.33,6,Sim,Resposta Rápida E Eficaz,Empresa,Inovação,82.3
74,2024-09-26,Serviços De Educação,Chatbot,84.73,84.33,112,4.8,108,Aplicacao_Movel,1.73,12,Sim,Resposta Rápida E Eficaz,Empresa,Saúde,82.32
75,2024-12-16,Direcção De Recursos Humanos,Atendimento Presencial,64.04,84.9,68,3.2,29,Presencial,10.93,14,Sim,Muito Satisfeito,Funcionário Público,Saúde,94.4
76,2024-10-30,Departamento De Inovação E Digitalização,Portal Online,63.36,73.0,5,4.2,387,Aplicacao_Movel,2.43,6,Sim,Sistema Lento,Cidadão,Social,79.93
77,2024-09-27,Gabinete De Atendimento Ao Cidadão,Serviços Digitais,88.04,82.53,37,3.5,250,Portal,10.13,14,Não,Resposta Rápida E Eficaz,Estudante,Cultura,75.11
78,2024-08-02,Direcção De Recursos Humanos,Balcão Único,62.91,84.91,72,4.1,70,Portal,14.82,7,Sim,Processo Complicado,Utilizador Vulnerável,Cultura,56.94
79,2024-09-08,Direcção De Recursos Humanos,Telefone,92.87,76.79,106,4.3,388,Portal,14.49,0,Não,Bom Serviço,Empresa,Mobilidade,55.79
80,2024-07-08,Direcção De Serviços Financeiros,Balcão Único,88.25,77.54,113,4.7,499,Chatbot,16.57,9,Sim,Precisa Melhorias,Cidadão,Digitalização,57.72
81,2024-10-22,Departamento De Saúde Pública,Portal Online,63.25,80.56,92,3.4,428,Aplicacao_Movel,2.38,12,Não,Falta De Informação,Funcionário Público,Habitação,58.59
82,2024-07-31,Departamento De Saúde Pública,Portal Online,63.39,70.56,31,3.0,187,Presencial,16.3,9,Não,Muito Satisfeito,Reforma/Pensionista,Inovação,81.89
83,2024-07-26,Serviços De Ti,Balcão Único,99.47,79.02,9,3.3,347,Presencial,7.8,7,Sim,Excelente Atendimento,Empresa,Educação,87.05
84,2024-08-24,Direcção De Serviços Financeiros,Atendimento Presencial,74.97,75.92,118,4.8,71,Telefone,9.98,3,Sim,Precisa Melhorias,Funcionário Público,Cultura,76.5
85,2024-12-03,Departamento De Inovação E Digitalização,Email,74.83,79.17,51,4.7,154,Telefone,21.45,3,Não,Processo Complicado,Utilizador Vulnerável,Mobilidade,91.45
86,2024-02-22,Departamento De Saúde Pública,Portal Online,92.51,73.35,29,4.2,225,Telefone,0.23,3,Sim,Falta De Informação,Estudante,Mobilidade,99.56
87,2024-10-06,Gabinete De Atendimento Ao Cidadão,Balcão Único,97.89,94.93,78,4.2,12,Portal,14.71,5,Sim,Processo Complicado,Empresa,Social,91.0
88,2024-08-04,Serviços De Educação,Serviços Digitais,99.44,86.62,40,4.3,169,Presencial,14.97,6,Sim,Bom Serviço,Empresa,Inovação,84.74
89,2024-09-08,Direcção De Serviços Financeiros,Balcão Único,90.14,89.01,41,3.4,236,Aplicacao_Movel,9.92,5,Sim,Bom Serviço,Utilizador Vulnerável,Habitação,76.62
90,2024-07-06,Serviços De Educação,Chatbot,75.05,92.1,86,4.8,495,Portal,5.93,0,Sim,Tempo De Espera Elevado,Reforma/Pensionista,Digitalização,72.44
91,2024-02-10,Direcção De Recursos Humanos,Email,63.34,83.96,11,3.8,278,Chatbot,5.87,11,Sim,Muito Satisfeito,Cidadão,Ambiente,54.22
92,2024-06-05,Gabinete De Atendimento Ao Cidadão,Telefone,91.09,72.43,23,3.8,129,Telefone,22.09,7,Sim,Precisa Melhorias,Estudante,Social,69.97
93,2024-01-15,Gabinete De Atendimento Ao Cidadão,Atendimento Presencial,82.34,85.04,1,4.0,390,Portal,11.05,12,Sim,Serviço Eficiente,Empresa,Habitação,95.51
94,2024-10-27,Direcção De Recursos Humanos,Telefone,76.97,86.43,46,3.1,98,Portal,8.27,9,Não,Serviço Eficiente,Estudante,Ambiente,90.4
95,2024-03-05,Direcção De Serviços Financeiros,Email,96.25,90.87,101,3.3,338,Chatbot,11.22,14,Sim,Precisa Melhorias,Empresa,Ambiente,60.8
96,2024-12-10,Direcção De Recursos Humanos,Email,64.45,82.09,21,4.5,77,Email,16.73,10,Não,Excelente Atendimento,Estudante,Inovação,73.33
97,2024-11-22,Serviços De Educação,Email,79.71,73.57,90,3.2,407,Presencial,3.64,12,Sim,Muito Satisfeito,Funcionário Público,Inovação,90.84
98,2024-01-09,Serviços De Ti,Telefone,60.45,77.95,110,4.2,366,Aplicacao_Movel,11.24,6,Sim,Processo Complicado,Empresa,Educação,53.37
99,2024-12-09,Gabinete De Atendimento Ao Cidadão,Serviços Digitais,78.75,80.17,36,3.5,107,Email,14.7,5,Sim,Excelente Atendimento,Estudante,Mobilidade,69.37
100,2024-05-08,Departamento De Planeamento Estratégico,Email,62.25,88.09,54,3.8,276,Telefone,23.71,5,Sim,Sistema Lento,Cidadão,Habitação,92.59
101,2024-05-15,Departamento De Planeamento Estratégico,Balcão Único,64.75,85.98,87,3.6,114,Portal,6.31,4,Sim,Precisa Melhorias,Funcionário Público,Social,70.19
102,2024-03-03,Serviços De Educação,Telefone,64.7,79.97,57,3.7,449,Chatbot,8.98,5,Sim,Processo Complicado,Funcionário Público,Saúde,53.88
103,2024-05-18,Departamento De Inovação E Digitalização,Email,85.97,97.62,1,4.4,332,Chatbot,9.48,11,Sim,Serviço Eficiente,Cidadão,Social,77.13
104,2024-03-21,Departamento De Saúde Pública,Balcão Único,89.84,86.96,63,3.6,132,Presencial,15.14,8,Sim,Resposta Rápida E Eficaz,Estudante,Educação,93.09
105,2024-06-11,Direcção De Recursos Humanos,Serviços Digitais,83.33,76.64,54,4.1,485,Email,8.92,9,Sim,Tempo De Espera Elevado,Utilizador Vulnerável,Digitalização,79.51
106,2024-10-15,Direcção De Recursos Humanos,Chatbot,98.49,72.85,55,4.0,38,Presencial,13.34,8,Sim,Serviço Eficiente,Cidadão,Mobilidade,61.31
107,2024-09-17,Departamento De Inovação E Digitalização,Serviços Digitais,74.99,74.28,115,4.3,146,Portal,19.54,14,Sim,Muito Satisfeito,Estudante,Saúde,69.21
108,2024-08-18,Departamento De Inovação E Digitalização,Email,71.43,76.89,40,4.9,204,Presencial,17.63,9,Não,Bom Serviço,Cidadão,Cultura,72.51
109,2024-02-10,Serviços De Educação,Telefone,94.74,74.5,15,4.5,418,Aplicacao_Movel,11.16,7,Sim,Resposta Rápida E Eficaz,Cidadão,Digitalização,78.96
110,2024-01-28,Serviços De Educação,Portal Online,68.94,75.22,21,3.4,235,Chatbot,21.61,9,Sim,Tempo De Espera Elevado,Empresa,Inovação,87.97
111,2024-05-14,Departamento De Inovação E Digitalização,Email,98.53,77.98,47,3.1,341,Chatbot,13.95,8,Não,Tempo De Espera Elevado,Estudante,Ambiente,54.94
112,2024-07-19,Gabinete De Atendimento Ao Cidadão,Portal Online,60.49,74.85,73,3.5,179,Telefone,13.5,12,Sim,Sistema Lento,Utilizador Vulnerável,Cultura,94.48
113,2024-11-23,Serviços De Educação,Balcão Único,98.8,95.11,53,4.2,18,Telefone,0.85,9,Sim,Sistema Lento,Empresa,Social,50.62
114,2024-09-24,Serviços De Ti,Chatbot,61.73,72.25,9,3.1,472,Portal,24.67,7,Não,Falta De Informação,Cidadão,Social,68.5
115,2024-02-02,Serviços De Educação,Atendimento Presencial,95.65,84.69,74,4.0,49,Aplicacao_Movel,3.07,7,Sim,Serviço Eficiente,Reforma/Pensionista,Inovação,51.37
116,2024-02-17,Direcção De Recursos Humanos,Serviços Digitais,81.11,81.49,52,4.2,34,Email,5.78,0,Sim,Serviço Eficiente,Cidadão,Educação,69.65
117,2024-03-02,Serviços De Educação,Chatbot,99.72,97.51,57,3.7,270,Presencial,1.29,9,Sim,Serviço Eficiente,Cidadão,Habitação,76.29
118,2024-08-03,Gabinete De Atendimento Ao Cidadão,Email,62.95,73.14,117,4.5,404,Portal,16.0,10,Sim,Falta De Informação,Estudante,Cultura,75.58
119,2024-10-19,Departamento De Inovação E Digitalização,Portal Online,82.15,81.14,26,3.2,452,Telefone,5.62,4,Sim,Excelente Atendimento,Estudante,Cultura,58.28
120,2024-04-08,Direcção De Recursos Humanos,Serviços Digitais,98.77,97.15,41,3.2,235,Presencial,4.5,3,Sim,Tempo De Espera Elevado,Empresa,Digitalização,82.29
121,2024-06-20,Serviços De Educação,Portal Online,80.92,94.23,35,4.5,481,Telefone,2.21,1,Sim,Resposta Rápida E Eficaz,Utilizador Vulnerável,Mobilidade,52.24
122,2024-12-25,Gabinete De Atendimento Ao Cidadão,Telefone,85.18,92.88,63,4.0,133,Presencial,2.58,7,Sim,Muito Satisfeito,Empresa,Digitalização,88.1
123,2024-08-01,Serviços De Ti,Portal Online,87.83,77.22,116,4.4,472,Email,14.62,2,Não,Tempo De Espera Elevado,Funcionário Público,Habitação,97.33
124,2024-02-04,Serviços De Educação,Telefone,78.18,74.78,25,3.9,47,Portal,17.21,3,Não,Sistema Lento,Cidadão,Social,66.99
125,2024-08-14,Gabinete De Atendimento Ao Cidadão,Balcão Único,85.1,88.72,90,3.5,337,Presencial,9.93,11,Sim,Processo Complicado,Reforma/Pensionista,Social,75.86
126,2024-04-10,Serviços De Ti,Serviços Digitais,83.37,96.02,75,4.6,260,Aplicacao_Movel,12.0,6,Sim,Bom Serviço,Cidadão,Social,68.95
127,2024-05-10,Departamento De Inovação E Digitalização,Serviços Digitais,96.05,85.59,38,4.6,398,Chatbot,17.15,9,Sim,Falta De Informação,Cidadão,Social,50.34
128,2024-09-13,Serviços De Educação,Atendimento Presencial,61.82,86.01,2,4.4,185,Aplicacao_Movel,0.43,8,Sim,Precisa Melhorias,Empresa,Habitação,69.29
129,2024-01-05,Serviços De Ti,Email,71.24,77.84,7,3.5,99,Aplicacao_Movel,8.08,1,Sim,Processo Complicado,Reforma/Pensionista,Inovação,89.59
130,2024-08-05,Direcção De Recursos Humanos,Telefone,98.02,91.55,82,4.2,411,Chatbot,24.33,2,Sim,Muito Satisfeito,Reforma/Pensionista,Mobilidade,79.8
131,2024-09-11,Departamento De Inovação E Digitalização,Atendimento Presencial,95.61,75.24,91,3.7,463,Aplicacao_Movel,14.5,3,Não,Serviço Eficiente,Reforma/Pensionista,Habitação,55.06
132,2024-12-24,Direcção De Recursos Humanos,Portal Online,78.23,79.06,34,3.2,46,Presencial,6.36,9,Sim,Sistema Lento,Empresa,Mobilidade,92.36
133,2024-10-09,Departamento De Planeamento Estratégico,Portal Online,84.81,81.91,91,4.8,325,Presencial,13.04,0,Sim,Sistema Lento,Cidadão,Habitação,76.55
134,2024-07-25,Direcção De Serviços Financeiros,Atendimento Presencial,71.1,84.21,17,3.3,185,Presencial,8.57,6,Sim,Sistema Lento,Empresa,Social,92.09
135,2024-01-15,Serviços De Educação,Serviços Digitais,67.52,76.79,43,4.9,470,Chatbot,13.31,1,Sim,Serviço Eficiente,Estudante,Inovação,79.01
136,2024-12-11,Serviços De Ti,Portal Online,78.55,73.22,59,3.9,293,Aplicacao_Movel,3.14,4,Não,Precisa Melhorias,Estudante,Cultura,77.98
137,2024-02-11,Direcção De Serviços Financeiros,Balcão Único,74.13,87.1,108,3.4,462,Chatbot,3.32,14,Sim,Falta De Informação,Empresa,Digitalização,55.26
138,2024-06-27,Direcção De Serviços Financeiros,Balcão Único,83.35,78.08,51,4.1,470,Presencial,3.59,0,Não,Processo Complicado,Reforma/Pensionista,Ambiente,58.37
139,2024-03-03,Serviços De Ti,Atendimento Presencial,63.11,86.27,54,4.7,90,Aplicacao_Movel,23.5,2,Sim,Serviço Eficiente,Cidadão,Inovação,98.6
140,2024-12-17,Departamento De Inovação E Digitalização,Telefone,98.98,74.32,24,4.5,123,Aplicacao_Movel,18.32,11,Sim,Muito Satisfeito,Empresa,Cultura,61.42
141,2024-08-18,Serviços De Educação,Telefone,99.45,83.47,25,4.6,49,Telefone,4.06,1,Sim,Falta De Informação,Empresa,Educação,98.87
142,2024-08-28,Departamento De Planeamento Estratégico,Atendimento Presencial,87.93,84.91,71,4.3,310,Telefone,4.71,0,Sim,Muito Satisfeito,Empresa,Habitação,76.6
143,2024-02-21,Direcção De Recursos Humanos,Telefone,81.44,71.45,52,4.4,233,Email,18.27,6,Sim,Falta De Informação,Funcionário Público,Educação,56.79
144,2024-04-05,Gabinete De Atendimento Ao Cidadão,Serviços Digitais,72.38,79.42,70,4.7,327,Portal,3.9,4,Não,Precisa Melhorias,Estudante,Cultura,54.97
145,2024-08-09,Direcção De Recursos Humanos,Serviços Digitais,92.55,73.76,117,3.5,358,Telefone,5.86,0,Sim,Bom Serviço,Reforma/Pensionista,Inovação,60.44
146,2024-08-18,Gabinete De Atendimento Ao Cidadão,Telefone,87.39,71.77,88,4.0,124,Chatbot,24.08,5,Sim,Muito Satisfeito,Utilizador Vulnerável,Habitação,96.28
147,2024-08-24,Direcção De Recursos Humanos,Balcão Único,66.5,97.72,33,3.4,195,Telefone,6.38,4,Sim,Serviço Eficiente,Reforma/Pensionista,Ambiente,70.71
148,2024-05-22,Serviços De Ti,Telefone,96.44,79.03,49,5.0,332,Email,16.54,14,Sim,Falta De Informação,Utilizador Vulnerável,Social,69.77
149,2024-06-19,Departamento De Planeamento Estratégico,Serviços Digitais,92.9,92.68,29,4.9,65,Aplicacao_Movel,24.47,2,Sim,Sistema Lento,Funcionário Público,Habitação,65.66
150,2024-01-29,Serviços De Educação,Chatbot,97.99,77.13,63,3.1,49,Email,9.36,11,Não,Tempo De Espera Elevado,Empresa,Habitação,57.35
151,2024-02-05,Gabinete De Atendimento Ao Cidadão,Email,89.03,89.08,107,4.4,363,Aplicacao_Movel,0.44,6,Não,Sistema Lento,Funcionário Público,Inovação,74.39
152,2024-01-13,Serviços De Educação,Portal Online,84.54,91.29,22,4.9,49,Aplicacao_Movel,6.1,10,Não,Excelente Atendimento,Funcionário Público,Inovação,56.5
153,2024-06-08,Serviços De Educação,Chatbot,76.73,86.68,26,3.4,356,Portal,20.77,9,Sim,Bom Serviço,Cidadão,Cultura,91.77
154,2024-11-22,Serviços De Educação,Telefone,97.31,83.2,28,4.1,470,Telefone,21.62,8,Sim,Bom Serviço,Estudante,Saúde,68.52
155,2024-07-05,Departamento De Saúde Pública,Balcão Único,94.64,81.53,114,4.8,246,Chatbot,19.21,13,Sim,Sistema Lento,Utilizador Vulnerável,Habitação,68.74
156,2024-08-30,Departamento De Inovação E Digitalização,Atendimento Presencial,61.81,79.77,85,3.1,298,Chatbot,2.83,12,Sim,Processo Complicado,Empresa,Digitalização,73.7
157,2024-03-26,Direcção De Recursos Humanos,Telefone,61.05,96.03,49,4.4,271,Presencial,19.89,12,Não,Precisa Melhorias,Utilizador Vulnerável,Habitação,72.21
158,2024-10-10,Serviços De Educação,Balcão Único,75.06,93.26,71,3.6,225,Aplicacao_Movel,22.97,8,Sim,Muito Satisfeito,Reforma/Pensionista,Cultura,99.74
159,2024-03-06,Direcção De Recursos Humanos,Email,92.42,97.02,81,4.8,156,Chatbot,15.02,13,Sim,Serviço Eficiente,Utilizador Vulnerável,Mobilidade,77.27
160,2024-06-18,Serviços De Educação,Telefone,99.49,73.48,84,4.9,345,Portal,23.52,8,Sim,Bom Serviço,Reforma/Pensionista,Educação,54.41
161,2024-02-14,Gabinete De Atendimento Ao Cidadão,Serviços Digitais,66.02,90.46,105,4.9,177,Aplicacao_Movel,20.67,1,Sim,Sistema Lento,Estudante,Social,80.34
162,2024-03-02,Departamento De Inovação E Digitalização,Atendimento Presencial,83.77,96.27,49,3.9,101,Portal,16.67,2,Sim,Sistema Lento,Reforma/Pensionista,Saúde,57.58
163,2024-05-13,Departamento De Inovação E Digitalização,Balcão Único,75.24,75.07,20,4.7,362,Chatbot,14.43,6,Sim,Precisa Melhorias,Utilizador Vulnerável,Ambiente,51.55
164,2024-10-10,Serviços De Ti,Balcão Único,98.8,71.86,118,4.7,68,Chatbot,8.71,4,Sim,Precisa Melhorias,Utilizador Vulnerável,Ambiente,98.54
165,2024-01-28,Departamento De Saúde Pública,Balcão Único,93.68,90.75,86,3.6,68,Presencial,3.98,1,Sim,Resposta Rápida E Eficaz,Reforma/Pensionista,Ambiente,88.68
166,2024-04-17,Serviços De Ti,Email,93.53,86.09,92,4.7,313,Chatbot,15.12,2,Sim,Resposta Rápida E Eficaz,Funcionário Público,Inovação,99.01
167,2024-02-13,Serviços De Ti,Telefone,78.75,93.57,63,3.1,178,Aplicacao_Movel,7.95,9,Não,Processo Complicado,Estudante,Ambiente,73.89
168,2024-12-05,Serviços De Ti,Email,76.59,73.91,61,4.2,278,Aplicacao_Movel,21.66,5,Não,Processo Complicado,Cidadão,Social,76.61
169,2024-10-12,Serviços De Ti,Portal Online,70.94,92.27,104,3.5,372,Aplicacao_Movel,24.83,12,Não,Excelente Atendimento,Empresa,Educação,58.42
170,2024-11-26,Serviços De Ti,Portal Online,62.26,75.65,49,3.2,54,Presencial,18.81,6,Não,Processo Complicado,Utilizador Vulnerável,Ambiente,62.35
171,2024-05-07,Departamento De Planeamento Estratégico,Telefone,94.59,74.58,71,3.2,354,Presencial,2.26,8,Sim,Falta De Informação,Empresa,Habitação,91.93
172,2024-12-13,Departamento De Inovação E Digitalização,Serviços Digitais,92.52,74.6,1,4.4,190,Chatbot,7.22,0,Sim,Precisa Melhorias,Cidadão,Habitação,67.81
173,2024-08-18,Serviços De Ti,Email,99.99,92.81,96,3.7,179,Email,2.73,10,Sim,Serviço Eficiente,Empresa,Inovação,91.34
174,2024-07-08,Serviços De Educação,Atendimento Presencial,99.87,88.63,13,4.4,365,Email,16.26,6,Sim,Falta De Informação,Cidadão,Social,85.45
175,2024-08-12,Departamento De Inovação E Digitalização,Balcão Único,82.22,84.65,94,3.1,200,Presencial,19.13,7,Não,Muito Satisfeito,Reforma/Pensionista,Educação,58.86
176,2024-10-09,Departamento De Inovação E Digitalização,Balcão Único,90.76,80.05,87,3.6,164,Chatbot,23.14,11,Sim,Sistema Lento,Funcionário Público,Saúde,75.37
177,2024-04-30,Direcção De Serviços Financeiros,Telefone,97.79,94.56,51,4.1,431,Email,10.95,13,Não,Processo Complicado,Utilizador Vulnerável,Cultura,83.87
178,2024-04-25,Departamento De Planeamento Estratégico,Serviços Digitais,93.99,80.99,56,4.6,197,Chatbot,22.53,2,Sim,Sistema Lento,Cidadão,Educação,61.75
179,2024-08-20,Serviços De Ti,Portal Online,69.89,92.86,83,3.6,16,Chatbot,21.95,3,Sim,Bom Serviço,Empresa,Cultura,91.53
180,2024-09-15,Direcção De Recursos Humanos,Portal Online,78.02,82.3,62,4.3,142,Chatbot,7.93,9,Sim,Excelente Atendimento,Utilizador Vulnerável,Mobilidade,77.24
181,2024-12-24,Gabinete De Atendimento Ao Cidadão,Balcão Único,65.17,80.55,32,4.8,244,Telefone,21.72,5,Não,Bom Serviço,Funcionário Público,Cultura,58.26
182,2024-07-16,Departamento De Saúde Pública,Telefone,98.16,82.96,30,4.2,54,Aplicacao_Movel,9.39,9,Sim,Excelente Atendimento,Reforma/Pensionista,Digitalização,79.15
183,2024-05-16,Serviços De Educação,Email,84.25,78.44,29,3.5,323,Chatbot,7.42,6,Sim,Resposta Rápida E Eficaz,Utilizador Vulnerável,Habitação,99.99
184,2024-11-13,Direcção De Recursos Humanos,Portal Online,69.15,90.93,49,3.0,258,Telefone,16.23,12,Sim,Sistema Lento,Cidadão,Social,57.53
185,2024-06-13,Departamento De Planeamento Estratégico,Email,86.87,84.08,45,4.7,40,Presencial,8.21,13,Sim,Excelente Atendimento,Funcionário Público,Inovação,90.84
186,2024-08-12,Gabinete De Atendimento Ao Cidadão,Serviços Digitais,84.73,76.5,93,3.0,32,Email,15.76,3,Sim,Tempo De Espera Elevado,Empresa,Digitalização,60.37
187,2024-11-02,Departamento De Planeamento Estratégico,Portal Online,74.33,95.19,30,4.7,435,Aplicacao_Movel,15.25,7,Sim,Falta De Informação,Funcionário Público,Cultura,89.12
188,2024-08-21,Serviços De Educação,Portal Online,64.54,80.75,16,4.1,403,Email,14.09,4,Sim,Excelente Atendimento,Funcionário Público,Ambiente,86.73
189,2024-06-20,Departamento De Inovação E Digitalização,Chatbot,86.86,85.22,40,4.9,169,Aplicacao_Movel,9.51,0,Sim,Excelente Atendimento,Estudante,Social,65.02
190,2024-05-31,Gabinete De Atendimento Ao Cidadão,Portal Online,80.81,95.38,19,4.6,372,Email,13.71,3,Sim,Falta De Informação,Funcionário Público,Digitalização,66.29
191,2024-11-10,Departamento De Inovação E Digitalização,Atendimento Presencial,90.89,87.48,18,5.0,446,Aplicacao_Movel,14.91,2,Sim,Sistema Lento,Funcionário Público,Inovação,89.63
192,2024-06-08,Serviços De Educação,Telefone,80.81,73.27,1,3.7,167,Email,13.64,8,Sim,Sistema Lento,Utilizador Vulnerável,Habitação,73.07
193,2024-04-05,Direcção De Recursos Humanos,Telefone,94.09,96.32,78,4.5,48,Email,11.11,7,Sim,Falta De Informação,Empresa,Social,86.54
194,2024-08-20,Serviços De Educação,Email,82.08,87.58,115,3.8,424,Email,0.37,0,Sim,Bom Serviço,Utilizador Vulnerável,Inovação,57.4
195,2024-06-28,Direcção De Recursos Humanos,Serviços Digitais,82.44,79.38,47,4.0,91,Email,14.68,10,Sim,Tempo De Espera Elevado,Utilizador Vulnerável,Mobilidade,92.63
196,2024-04-22,Gabinete De Atendimento Ao Cidadão,Portal Online,95.07,73.9,114,4.3,365,Presencial,4.21,5,Não,Serviço Eficiente,Cidadão,Mobilidade,85.54
197,2024-11-13,Gabinete De Atendimento Ao Cidadão,Atendimento Presencial,76.14,92.23,66,4.7,267,Chatbot,16.06,8,Sim,Muito Satisfeito,Utilizador Vulnerável,Inovação,95.35
198,2024-02-21,Serviços De Ti,Email,65.36,87.36,118,5.0,215,Portal,18.98,6,Sim,Tempo De Espera Elevado,Estudante,Digitalização,56.62
199,2024-09-24,Departamento De Planeamento Estratégico,Chatbot,61.15,84.94,92,4.5,86,Telefone,12.51,3,Sim,Sistema Lento,Estudante,Social,79.65
200,2024-10-21,Serviços De Ti,Email,90.21,95.03,113,3.8,486,Portal,13.56,12,Sim,Serviço Eficiente,Cidadão,Digitalização,79.96
201,2024-01-08,Direcção De Serviços Financeiros,Balcão Único,86.58,87.16,37,4.4,317,Telefone,7.61,3,Não,Processo Complicado,Funcionário Público,Digitalização,85.52
202,2024-01-25,Departamento De Inovação E Digitalização,Email,90.70,90.47,44,4.4,403,Email,7.32,4,Sim,Bom Serviço,Empresa,Ambiente,83.09
203,2024-02-11,Direcção De Recursos Humanos,Serviços Digitais,70.11,75.35,106,3.3,189,Presencial,17.97,10,Não,Serviço Eficiente,Utilizador Vulnerável,Inovação,58.49
204,2024-02-28,Departamento De Planeamento Estratégico,Telefone,84.30,88.68,52,4.2,288,Chatbot,8.86,6,Sim,Muito Satisfeito,Reforma/Pensionista,Educação,77.76
205,2024-03-16,Serviços De Educação,Chatbot,74.00,82.82,83,3.6,289,Portal,13.87,11,Sim,Falta De Informação,Cidadão,Saúde,67.08
206,2024-04-02,Gabinete De Atendimento Ao Cidadão,Atendimento Presencial,88.06,86.73,40,4.3,434,Aplicacao_Movel,8.47,5,Sim,Precisa Melhorias,Estudante,Social,85.87
207,2024-04-19,Serviços De Ti,Portal Online,90.09,91.57,29,4.7,335,Telefone,7.33,3,Sim,Excelente Atendimento,Funcionário Público,Cultura,87.91
208,2024-05-06,Departamento De Saúde Pública,Balcão Único,81.70,82.17,63,3.8,403,Email,11.41,8,Sim,Tempo De Espera Elevado,Empresa,Mobilidade,72.91
209,2024-05-23,Direcção De Serviços Financeiros,Email,79.66,80.97,56,4.2,320,Presencial,14.01,6,Sim,Resposta Rápida E Eficaz,Utilizador Vulnerável,Habitação,74.65
210,2024-06-20,Departamento De Inovação E Digitalização,Serviços Digitais,81.06,85.34,65,3.8,238,Chatbot,13.87,8,Não,Sistema Lento,Reforma/Pensionista,Digitalização,73.94
211,2024-07-07,Direcção De Recursos Humanos,Telefone,81.38,81.87,62,3.9,256,Portal,12.13,7,Sim,Muito Satisfeito,Cidadão,Ambiente,75.42
212,2024-07-24,Departamento De Planeamento Estratégico,Chatbot,75.01,76.48,73,3.8,313,Aplicacao_Movel,15.87,11,Não,Sistema Lento,Estudante,Inovação,66.26
213,2024-08-10,Serviços De Educação,Atendimento Presencial,81.52,80.05,69,4.0,269,Telefone,15.82,6,Sim,Muito Satisfeito,Funcionário Público,Educação,72.56
214,2024-08-27,Gabinete De Atendimento Ao Cidadão,Portal Online,88.82,91.91,34,4.4,440,Email,6.38,3,Sim,Serviço Eficiente,Empresa,Saúde,88.69
215,2024-09-13,Serviços De Ti,Balcão Único,90.79,91.13,30,4.4,416,Presencial,4.75,3,Sim,Resposta Rápida E Eficaz,Utilizador Vulnerável,Social,86.55
216,2024-09-30,Departamento De Saúde Pública,Email,92.42,90.29,21,4.5,258,Chatbot,4.99,4,Sim,Muito Satisfeito,Reforma/Pensionista,Cultura,89.71
217,2024-10-17,Direcção De Serviços Financeiros,Serviços Digitais,72.04,82.78,80,3.9,230,Portal,16.61,7,Sim,Sistema Lento,Cidadão,Mobilidade,68.73
218,2024-11-03,Departamento De Inovação E Digitalização,Telefone,85.05,90.83,34,4.4,378,Aplicacao_Movel,6.10,3,Sim,Bom Serviço,Estudante,Habitação,85.23
219,2024-12-01,Direcção De Recursos Humanos,Chatbot,79.71,82.33,60,4.1,354,Telefone,12.26,6,Não,Muito Satisfeito,Funcionário Público,Digitalização,76.52
220,2024-12-18,Departamento De Planeamento Estratégico,Atendimento Presencial,92.49,93.35,26,4.4,367,Email,4.08,2,Sim,Resposta Rápida E Eficaz,Empresa,Ambiente,88.63
221,2024-01-04,Serviços De Educação,Portal Online,91.70,95.52,25,4.8,262,Presencial,4.55,3,Sim,Muito Satisfeito,Utilizador Vulnerável,Inovação,90.64
222,2024-01-21,Gabinete De Atendimento Ao Cidadão,Balcão Único,83.29,84.43,47,4.2,296,Chatbot,6.95,7,Sim,Falta De Informação,Reforma/Pensionista,Educação,80.89
223,2024-02-07,Serviços De Ti,Email,84.47,85.38,43,4.1,313,Portal,11.22,5,Sim,Muito Satisfeito,Cidadão,Saúde,82.36
224,2024-02-24,Departamento De Saúde Pública,Serviços Digitais,86.04,87.03,31,4.5,437,Aplicacao_Movel,10.41,3,Sim,Falta De Informação,Estudante,Social,84.96
225,2024-03-12,Direcção De Serviços Financeiros,Telefone,96.37,96.31,21,5.0,446,Telefone,3.02,1,Sim,Resposta Rápida E Eficaz,Funcionário Público,Cultura,94.27
226,2024-03-29,Departamento De Inovação E Digitalização,Chatbot,91.80,91.71,34,4.6,328,Email,4.57,4,Sim,Muito Satisfeito,Empresa,Mobilidade,85.63
227,2024-04-15,Direcção De Recursos Humanos,Atendimento Presencial,76.21,76.80,87,3.9,276,Presencial,18.28,10,Sim,Sistema Lento,Utilizador Vulnerável,Habitação,65.50
228,2024-05-13,Departamento De Planeamento Estratégico,Portal Online,88.47,89.60,22,4.4,416,Chatbot,5.96,2,Não,Bom Serviço,Reforma/Pensionista,Digitalização,88.65
229,2024-05-30,Serviços De Educação,Balcão Único,81.11,79.98,72,3.7,369,Portal,13.40,8,Sim,Muito Satisfeito,Cidadão,Ambiente,71.63
230,2024-06-16,Gabinete De Atendimento Ao Cidadão,Email,83.26,88.68,46,4.3,339,Aplicacao_Movel,12.01,6,Sim,Falta De Informação,Estudante,Inovação,79.78
231,2024-07-03,Serviços De Ti,Serviços Digitais,79.51,88.19,49,3.9,238,Telefone,13.28,6,Sim,Muito Satisfeito,Funcionário Público,Educação,77.54
232,2024-07-20,Departamento De Saúde Pública,Telefone,88.30,87.79,52,4.0,401,Email,9.88,5,Sim,Falta De Informação,Empresa,Saúde,81.24
233,2024-08-06,Direcção De Serviços Financeiros,Chatbot,77.39,84.06,53,4.3,214,Presencial,11.11,7,Sim,Muito Satisfeito,Utilizador Vulnerável,Social,75.81
234,2024-08-23,Departamento De Inovação E Digitalização,Atendimento Presencial,86.54,90.89,28,4.7,384,Chatbot,6.68,2,Sim,Serviço Eficiente,Reforma/Pensionista,Cultura,87.70
235,2024-09-09,Direcção De Recursos Humanos,Portal Online,89.42,88.66,31,4.2,305,Portal,8.84,4,Sim,Resposta Rápida E Eficaz,Cidadão,Mobilidade,86.21
236,2024-09-26,Departamento De Planeamento Estratégico,Balcão Único,79.86,83.45,76,3.7,196,Aplicacao_Movel,13.95,10,Sim,Falta De Informação,Estudante,Habitação,69.82
237,2024-10-24,Serviços De Educação,Email,97.86,95.39,21,4.5,305,Telefone,1.67,4,Não,Excelente Atendimento,Funcionário Público,Digitalização,92.75
238,2024-11-10,Gabinete De Atendimento Ao Cidadão,Serviços Digitais,71.64,77.15,74,3.6,299,Email,18.51,10,Sim,Precisa Melhorias,Empresa,Ambiente,65.38
239,2024-11-27,Serviços De Ti,Telefone,95.35,94.61,14,4.9,313,Presencial,4.46,4,Sim,Serviço Eficiente,Utilizador Vulnerável,Inovação,92.64
240,2024-12-14,Departamento De Saúde Pública,Chatbot,93.25,94.39,13,4.7,361,Chatbot,6.59,4,Sim,Resposta Rápida E Eficaz,Reforma/Pensionista,Educação,91.36
241,2024-12-31,Direcção De Serviços Financeiros,Atendimento Presencial,78.49,82.38,61,4.3,314,Portal,13.65,5,Sim,Muito Satisfeito,Cidadão,Saúde,77.94
242,2024-01-17,Departamento De Inovação E Digitalização,Portal Online,83.50,82.73,48,4.2,329,Aplicacao_Movel,13.53,8,Sim,Falta De Informação,Estudante,Social,78.13
243,2024-02-03,Direcção De Recursos Humanos,Balcão Único,82.01,88.72,45,4.4,328,Telefone,8.27,7,Sim,Muito Satisfeito,Funcionário Público,Cultura,78.49
244,2024-02-20,Departamento De Planeamento Estratégico,Email,88.17,92.69,20,4.4,285,Email,8.21,2,Sim,Serviço Eficiente,Empresa,Mobilidade,88.59
245,2024-03-08,Serviços De Educação,Serviços Digitais,96.26,96.00,4,4.9,310,Presencial,3.60,0,Sim,Resposta Rápida E Eficaz,Utilizador Vulnerável,Habitação,94.80
246,2024-04-05,Gabinete De Atendimento Ao Cidadão,Telefone,87.67,90.26,34,4.5,406,Chatbot,9.37,5,Não,Falta De Informação,Reforma/Pensionista,Digitalização,82.91
247,2024-04-22,Serviços De Ti,Chatbot,83.54,84.94,58,4.1,406,Portal,12.38,7,Sim,Muito Satisfeito,Cidadão,Ambiente,75.72
248,2024-05-09,Departamento De Saúde Pública,Atendimento Presencial,77.01,81.21,57,3.7,204,Aplicacao_Movel,12.70,9,Sim,Falta De Informação,Estudante,Inovação,72.69
249,2024-05-26,Direcção De Serviços Financeiros,Portal Online,69.27,75.59,75,3.4,188,Telefone,18.36,10,Sim,Processo Complicado,Funcionário Público,Educação,65.03
250,2024-06-12,Departamento De Inovação E Digitalização,Balcão Único,87.70,87.46,40,4.5,429,Email,6.95,4,Sim,Falta De Informação,Empresa,Saúde,81.87
251,2024-06-29,Direcção De Recursos Humanos,Email,74.49,82.94,75,3.7,326,Presencial,17.42,10,Sim,Falta De Informação,Utilizador Vulnerável,Social,68.84
252,2024-07-16,Departamento De Planeamento Estratégico,Serviços Digitais,95.62,92.98,15,4.5,319,Chatbot,5.95,3,Sim,Excelente Atendimento,Reforma/Pensionista,Cultura,92.18
253,2024-08-02,Serviços De Educação,Telefone,83.60,84.96,54,4.3,305,Portal,13.08,8,Sim,Muito Satisfeito,Cidadão,Mobilidade,77.64
254,2024-08-19,Gabinete De Atendimento Ao Cidadão,Chatbot,89.73,88.21,35,4.6,289,Aplicacao_Movel,5.71,4,Sim,Serviço Eficiente,Estudante,Habitação,86.57
255,2024-09-16,Serviços De Ti,Atendimento Presencial,81.58,84.22,73,3.8,266,Telefone,13.15,7,Não,Muito Satisfeito,Funcionário Público,Digitalização,71.80
256,2024-10-03,Departamento De Saúde Pública,Portal Online,86.41,91.34,35,4.3,353,Email,8.13,5,Sim,Muito Satisfeito,Empresa,Ambiente,87.80
257,2024-10-20,Direcção De Serviços Financeiros,Balcão Único,88.14,88.67,46,4.4,365,Presencial,7.16,6,Sim,Muito Satisfeito,Utilizador Vulnerável,Inovação,83.66
258,2024-11-06,Departamento De Inovação E Digitalização,Email,88.79,94.32,36,4.4,362,Chatbot,3.97,2,Sim,Bom Serviço,Reforma/Pensionista,Educação,88.14
259,2024-11-23,Direcção De Recursos Humanos,Serviços Digitais,70.34,74.97,81,3.3,247,Portal,19.61,11,Sim,Processo Complicado,Cidadão,Saúde,63.38
260,2024-12-10,Departamento De Planeamento Estratégico,Telefone,78.28,82.56,58,3.9,309,Aplicacao_Movel,12.46,8,Sim,Falta De Informação,Estudante,Social,72.07
261,2024-12-27,Serviços De Educação,Chatbot,89.60,91.11,43,4.0,272,Telefone,7.77,4,Sim,Muito Satisfeito,Funcionário Público,Cultura,82.28
262,2024-01-13,Gabinete De Atendimento Ao Cidadão,Atendimento Presencial,83.01,88.04,37,4.4,268,Email,10.84,5,Sim,Falta De Informação,Empresa,Mobilidade,81.80
263,2024-01-30,Serviços De Ti,Portal Online,89.28,89.45,44,4.1,365,Presencial,10.51,6,Sim,Muito Satisfeito,Utilizador Vulnerável,Habitação,83.97
264,2024-02-27,Departamento De Saúde Pública,Balcão Único,69.27,79.70,79,3.5,361,Chatbot,16.46,10,Não,Processo Complicado,Reforma/Pensionista,Digitalização,66.14
265,2024-03-15,Direcção De Serviços Financeiros,Email,95.46,91.59,26,4.5,369,Portal,5.68,4,Sim,Resposta Rápida E Eficaz,Cidadão,Ambiente,92.88
266,2024-04-01,Departamento De Inovação E Digitalização,Serviços Digitais,85.51,88.87,45,4.1,362,Aplicacao_Movel,8.93,5,Sim,Falta De Informação,Estudante,Inovação,83.56
267,2024-04-18,Direcção De Recursos Humanos,Telefone,93.25,91.89,29,4.8,280,Telefone,4.94,3,Sim,Excelente Atendimento,Funcionário Público,Educação,91.05
268,2024-05-05,Departamento De Planeamento Estratégico,Chatbot,87.79,90.51,30,4.6,419,Email,6.53,2,Sim,Bom Serviço,Empresa,Saúde,88.55
269,2024-05-22,Serviços De Educação,Atendimento Presencial,88.17,86.00,46,4.3,322,Presencial,9.28,4,Sim,Muito Satisfeito,Utilizador Vulnerável,Social,81.80
270,2024-06-08,Gabinete De Atendimento Ao Cidadão,Portal Online,92.88,90.38,27,4.6,366,Chatbot,3.74,1,Sim,Resposta Rápida E Eficaz,Reforma/Pensionista,Cultura,91.74
271,2024-06-25,Serviços De Ti,Balcão Único,91.00,88.05,27,4.5,375,Portal,7.38,5,Sim,Muito Satisfeito,Cidadão,Mobilidade,85.98
272,2024-07-12,Departamento De Saúde Pública,Email,94.28,91.68,27,4.9,419,Aplicacao_Movel,6.79,1,Sim,Excelente Atendimento,Estudante,Habitação,91.65
273,2024-08-09,Direcção De Serviços Financeiros,Serviços Digitais,76.48,84.50,72,3.8,371,Telefone,12.27,8,Não,Muito Satisfeito,Funcionário Público,Digitalização,72.20
274,2024-08-26,Departamento De Inovação E Digitalização,Telefone,85.54,86.46,39,4.3,426,Email,10.34,6,Sim,Falta De Informação,Empresa,Ambiente,81.65
275,2024-09-12,Direcção De Recursos Humanos,Chatbot,87.91,90.52,29,4.2,255,Presencial,9.13,2,Sim,Resposta Rápida E Eficaz,Utilizador Vulnerável,Inovação,85.99
276,2024-09-29,Departamento De Planeamento Estratégico,Atendimento Presencial,94.71,94.61,25,4.7,409,Chatbot,7.01,4,Sim,Muito Satisfeito,Reforma/Pensionista,Educação,90.61
277,2024-10-16,Serviços De Educação,Portal Online,78.23,87.26,62,3.8,352,Portal,9.85,5,Sim,Muito Satisfeito,Cidadão,Saúde,76.28
278,2024-11-02,Gabinete De Atendimento Ao Cidadão,Balcão Único,87.29,88.83,39,4.3,292,Aplicacao_Movel,6.15,5,Sim,Bom Serviço,Estudante,Social,86.10
279,2024-11-19,Serviços De Ti,Email,85.54,90.60,33,4.4,298,Telefone,7.13,2,Sim,Serviço Eficiente,Funcionário Público,Cultura,86.98
280,2024-12-06,Departamento De Saúde Pública,Serviços Digitais,96.17,94.54,29,4.7,309,Email,2.09,2,Sim,Resposta Rápida E Eficaz,Empresa,Mobilidade,91.67
281,2024-12-23,Direcção De Serviços Financeiros,Telefone,77.03,81.27,70,3.5,195,Presencial,14.02,10,Sim,Falta De Informação,Utilizador Vulnerável,Habitação,69.48
282,2024-01-20,Departamento De Inovação E Digitalização,Chatbot,74.49,84.68,69,3.6,255,Chatbot,15.53,7,Não,Falta De Informação,Reforma/Pensionista,Digitalização,70.77
283,2024-02-06,Direcção De Recursos Humanos,Atendimento Presencial,76.03,78.14,81,3.7,227,Portal,15.34,10,Sim,Precisa Melhorias,Cidadão,Ambiente,67.27
284,2024-02-23,Departamento De Planeamento Estratégico,Portal Online,91.26,93.91,16,4.4,323,Aplicacao_Movel,2.86,1,Sim,Serviço Eficiente,Estudante,Inovação,92.15
285,2024-03-11,Serviços De Educação,Balcão Único,94.56,96.73,15,4.8,359,Telefone,1.45,2,Sim,Resposta Rápida E Eficaz,Funcionário Público,Educação,93.66
286,2024-03-28,Gabinete De Atendimento Ao Cidadão,Email,95.31,94.76,17,4.9,430,Email,3.98,2,Sim,Muito Satisfeito,Empresa,Saúde,90.98
287,2024-04-14,Serviços De Ti,Serviços Digitais,85.01,85.11,57,4.3,263,Presencial,9.36,7,Sim,Muito Satisfeito,Utilizador Vulnerável,Social,79.24
288,2024-05-01,Departamento De Saúde Pública,Telefone,97.38,94.70,10,4.9,337,Chatbot,2.69,0,Sim,Bom Serviço,Reforma/Pensionista,Cultura,96.22
289,2024-05-18,Direcção De Serviços Financeiros,Chatbot,83.32,84.94,56,4.1,383,Portal,12.10,8,Sim,Muito Satisfeito,Cidadão,Mobilidade,74.40
290,2024-06-04,Departamento De Inovação E Digitalização,Atendimento Presencial,78.04,86.32,58,4.0,258,Aplicacao_Movel,12.82,7,Sim,Falta De Informação,Estudante,Habitação,76.60
291,2024-07-02,Direcção De Recursos Humanos,Portal Online,92.36,92.56,28,4.6,346,Telefone,3.90,4,Não,Muito Satisfeito,Funcionário Público,Digitalização,88.31
292,2024-07-19,Departamento De Planeamento Estratégico,Balcão Único,89.16,91.18,30,4.6,267,Email,6.22,4,Sim,Excelente Atendimento,Empresa,Ambiente,89.66
293,2024-08-05,Serviços De Educação,Email,92.69,90.08,19,4.4,415,Presencial,5.99,1,Sim,Bom Serviço,Utilizador Vulnerável,Inovação,90.32
294,2024-08-22,Gabinete De Atendimento Ao Cidadão,Serviços Digitais,68.43,76.03,76,3.7,222,Chatbot,15.89,11,Sim,Processo Complicado,Reforma/Pensionista,Educação,65.06
295,2024-09-08,Serviços De Ti,Telefone,80.71,83.13,52,3.9,382,Portal,13.59,6,Sim,Muito Satisfeito,Cidadão,Saúde,78.50
296,2024-09-25,Departamento De Saúde Pública,Chatbot,87.68,92.59,34,4.6,283,Aplicacao_Movel,8.00,6,Sim,Falta De Informação,Estudante,Social,84.87
297,2024-10-12,Direcção De Serviços Financeiros,Atendimento Presencial,84.25,86.06,46,4.0,340,Telefone,10.31,4,Sim,Muito Satisfeito,Funcionário Público,Cultura,80.89
298,2024-10-29,Departamento De Inovação E Digitalização,Portal Online,78.43,86.85,61,4.2,398,Email,11.26,8,Sim,Falta De Informação,Empresa,Mobilidade,74.29
299,2024-11-15,Direcção De Recursos Humanos,Balcão Único,81.12,86.05,63,4.0,315,Presencial,13.37,9,Sim,Muito Satisfeito,Utilizador Vulnerável,Habitação,73.28
300,2024-12-13,Departamento De Planeamento Estratégico,Email,83.57,90.28,45,4.2,401,Chatbot,8.65,5,Não,Falta De Informação,Reforma/Pensionista,Digitalização,82.61
301,2024-12-30,Serviços De Educação,Serviços Digitais,96.77,95.64,5,4.9,436,Portal,0.23,0,Sim,Muito Satisfeito,Cidadão,Ambiente,99.99
302,2024-01-16,Gabinete De Atendimento Ao Cidadão,Telefone,76.40,81.67,72,3.7,279,Aplicacao_Movel,15.13,7,Sim,Falta De Informação,Estudante,Inovação,72.67
303,2024-02-02,Serviços De Ti,Chatbot,92.83,88.86,21,4.5,391,Telefone,4.01,2,Sim,Bom Serviço,Funcionário Público,Educação,88.70
304,2024-02-19,Departamento De Saúde Pública,Atendimento Presencial,74.93,85.97,59,3.7,345,Email,12.19,9,Sim,Falta De Informação,Empresa,Saúde,73.01
305,2024-03-07,Direcção De Serviços Financeiros,Portal Online,77.29,83.03,50,4.0,367,Presencial,12.86,6,Sim,Muito Satisfeito,Utilizador Vulnerável,Social,76.40
306,2024-03-24,Departamento De Inovação E Digitalização,Balcão Único,77.98,84.21,67,3.9,327,Chatbot,11.47,9,Sim,Falta De Informação,Reforma/Pensionista,Cultura,74.07
307,2024-04-10,Direcção De Recursos Humanos,Email,86.25,83.16,51,4.0,359,Portal,11.13,6,Sim,Muito Satisfeito,Cidadão,Mobilidade,77.56
308,2024-04-27,Departamento De Planeamento Estratégico,Serviços Digitais,76.31,80.90,80,3.9,197,Aplicacao_Movel,15.09,11,Não,Precisa Melhorias,Estudante,Habitação,65.27
309,2024-05-25,Serviços De Educação,Telefone,95.83,91.55,26,4.5,448,Telefone,5.75,1,Não,Serviço Eficiente,Funcionário Público,Digitalização,91.51
310,2024-06-11,Gabinete De Atendimento Ao Cidadão,Chatbot,85.96,87.11,60,3.8,233,Email,9.41,5,Sim,Falta De Informação,Empresa,Ambiente,77.58
311,2024-06-28,Serviços De Ti,Atendimento Presencial,79.55,79.86,67,3.7,192,Presencial,14.53,8,Sim,Muito Satisfeito,Utilizador Vulnerável,Inovação,70.31
312,2024-07-15,Departamento De Saúde Pública,Portal Online,82.29,88.10,34,4.5,300,Chatbot,11.55,6,Sim,Falta De Informação,Reforma/Pensionista,Educação,82.44
313,2024-08-01,Direcção De Serviços Financeiros,Balcão Único,75.83,78.76,80,3.6,313,Portal,16.89,10,Sim,Precisa Melhorias,Cidadão,Saúde,69.20
314,2024-08-18,Departamento De Inovação E Digitalização,Email,92.17,89.31,35,4.5,298,Aplicacao_Movel,4.70,3,Sim,Serviço Eficiente,Estudante,Social,88.82
315,2024-09-04,Direcção De Recursos Humanos,Serviços Digitais,89.31,92.63,36,4.5,414,Telefone,5.14,4,Sim,Resposta Rápida E Eficaz,Funcionário Público,Cultura,86.40
316,2024-09-21,Departamento De Planeamento Estratégico,Telefone,90.02,88.64,23,4.6,412,Email,5.01,3,Sim,Muito Satisfeito,Empresa,Mobilidade,88.56
317,2024-10-08,Serviços De Educação,Chatbot,76.83,82.66,73,3.5,356,Presencial,17.70,8,Não,Sistema Lento,Utilizador Vulnerável,Habitação,67.64
318,2024-11-05,Gabinete De Atendimento Ao Cidadão,Atendimento Presencial,83.47,90.46,53,4.1,299,Chatbot,9.76,4,Não,Falta De Informação,Reforma/Pensionista,Digitalização,80.99
319,2024-11-22,Serviços De Ti,Portal Online,79.45,82.01,61,4.0,309,Portal,14.42,7,Sim,Muito Satisfeito,Cidadão,Ambiente,73.56
320,2024-12-09,Departamento De Saúde Pública,Balcão Único,90.69,91.40,46,4.3,411,Aplicacao_Movel,6.87,3,Sim,Falta De Informação,Estudante,Inovação,83.79
321,2024-12-26,Direcção De Serviços Financeiros,Email,91.90,93.38,25,4.4,270,Telefone,2.75,2,Sim,Muito Satisfeito,Funcionário Público,Educação,90.13
322,2024-01-12,Departamento De Inovação E Digitalização,Serviços Digitais,83.92,90.69,40,4.5,375,Email,6.48,7,Sim,Falta De Informação,Empresa,Saúde,82.91
323,2024-01-29,Direcção De Recursos Humanos,Telefone,82.44,87.70,54,3.9,236,Presencial,11.32,7,Sim,Muito Satisfeito,Utilizador Vulnerável,Social,78.55
324,2024-02-15,Departamento De Planeamento Estratégico,Chatbot,74.01,82.38,64,3.8,216,Chatbot,14.89,8,Sim,Falta De Informação,Reforma/Pensionista,Cultura,71.70
325,2024-03-03,Serviços De Educação,Atendimento Presencial,68.14,74.29,83,3.4,236,Portal,17.80,11,Não,Tempo De Espera Elevado,Cidadão,Mobilidade,62.90
326,2024-03-20,Gabinete De Atendimento Ao Cidadão,Portal Online,76.79,81.64,67,3.7,315,Aplicacao_Movel,12.58,8,Sim,Falta De Informação,Estudante,Habitação,73.32
327,2024-04-17,Serviços De Ti,Balcão Único,84.63,89.33,35,4.4,394,Telefone,9.27,6,Não,Muito Satisfeito,Funcionário Público,Digitalização,83.72
328,2024-05-04,Departamento De Saúde Pública,Email,74.05,83.42,82,3.6,245,Email,16.25,8,Não,Precisa Melhorias,Empresa,Ambiente,68.40
329,2024-05-21,Direcção De Serviços Financeiros,Serviços Digitais,81.77,79.91,64,3.9,358,Presencial,15.09,7,Sim,Muito Satisfeito,Utilizador Vulnerável,Inovação,72.28
330,2024-06-07,Departamento De Inovação E Digitalização,Telefone,73.36,81.89,84,3.6,195,Chatbot,15.78,8,Não,Tempo De Espera Elevado,Reforma/Pensionista,Educação,66.64
331,2024-06-24,Direcção De Recursos Humanos,Chatbot,82.58,83.47,59,4.2,233,Portal,9.37,6,Sim,Muito Satisfeito,Cidadão,Saúde,78.71
332,2024-07-11,Departamento De Planeamento Estratégico,Atendimento Presencial,84.98,90.43,42,4.1,340,Aplicacao_Movel,9.40,6,Sim,Falta De Informação,Estudante,Social,82.25
333,2024-07-28,Serviços De Educação,Portal Online,90.95,85.84,33,4.2,295,Telefone,11.07,3,Sim,Muito Satisfeito,Funcionário Público,Cultura,83.36
334,2024-08-14,Gabinete De Atendimento Ao Cidadão,Balcão Único,85.68,84.23,43,4.3,350,Email,12.56,6,Sim,Falta De Informação,Empresa,Mobilidade,79.68
335,2024-08-31,Serviços De Ti,Email,76.71,82.87,69,3.8,381,Presencial,13.72,7,Sim,Tempo De Espera Elevado,Utilizador Vulnerável,Habitação,68.90
336,2024-09-28,Departamento De Saúde Pública,Serviços Digitais,84.83,90.57,43,4.4,316,Chatbot,10.35,4,Não,Falta De Informação,Reforma/Pensionista,Digitalização,81.81
337,2024-10-15,Direcção De Serviços Financeiros,Telefone,89.77,89.96,37,4.2,431,Portal,5.30,4,Sim,Excelente Atendimento,Cidadão,Ambiente,85.08
338,2024-11-01,Departamento De Inovação E Digitalização,Chatbot,91.46,91.92,22,4.8,311,Aplicacao_Movel,2.95,4,Sim,Bom Serviço,Estudante,Inovação,89.46
339,2024-11-18,Direcção De Recursos Humanos,Atendimento Presencial,76.56,80.27,63,3.9,305,Telefone,11.63,7,Sim,Muito Satisfeito,Funcionário Público,Educação,72.83
340,2024-12-05,Departamento De Planeamento Estratégico,Portal Online,88.16,91.98,40,4.5,434,Email,9.97,6,Sim,Falta De Informação,Empresa,Saúde,83.89
341,2024-12-22,Serviços De Educação,Balcão Único,93.49,91.35,22,4.8,427,Presencial,1.98,2,Sim,Muito Satisfeito,Utilizador Vulnerável,Social,91.99
342,2024-01-08,Gabinete De Atendimento Ao Cidadão,Email,93.09,88.75,25,4.8,421,Chatbot,8.66,3,Sim,Excelente Atendimento,Reforma/Pensionista,Cultura,88.42
343,2024-01-25,Serviços De Ti,Serviços Digitais,79.67,82.72,50,4.1,347,Portal,13.63,6,Sim,Muito Satisfeito,Cidadão,Mobilidade,77.62
344,2024-02-11,Departamento De Saúde Pública,Telefone,84.65,89.22,53,4.3,358,Aplicacao_Movel,12.78,4,Sim,Falta De Informação,Estudante,Habitação,79.85
345,2024-03-10,Direcção De Serviços Financeiros,Chatbot,85.39,84.80,38,4.0,261,Telefone,12.23,6,Não,Muito Satisfeito,Funcionário Público,Digitalização,80.28
346,2024-03-27,Departamento De Inovação E Digitalização,Atendimento Presencial,81.41,87.75,57,4.4,229,Email,9.75,7,Sim,Falta De Informação,Empresa,Ambiente,79.27
347,2024-04-13,Direcção De Recursos Humanos,Portal Online,78.08,78.38,68,3.7,324,Presencial,13.57,10,Não,Sistema Lento,Utilizador Vulnerável,Inovação,68.45
348,2024-04-30,Departamento De Planeamento Estratégico,Balcão Único,80.85,82.24,72,3.9,213,Chatbot,12.74,10,Sim,Falta De Informação,Reforma/Pensionista,Educação,70.91
349,2024-05-17,Serviços De Educação,Email,87.78,89.61,46,3.9,254,Portal,10.34,7,Sim,Muito Satisfeito,Cidadão,Saúde,79.41
350,2024-06-03,Gabinete De Atendimento Ao Cidadão,Serviços Digitais,70.87,72.40,100,3.6,183,Aplicacao_Movel,21.18,12,Sim,Tempo De Espera Elevado,Estudante,Social,59.59
351,2024-06-20,Serviços De Ti,Telefone,80.25,81.90,68,3.8,208,Telefone,14.87,8,Sim,Muito Satisfeito,Funcionário Público,Cultura,71.13
352,2024-07-07,Departamento De Saúde Pública,Chatbot,82.92,87.49,42,4.2,365,Email,7.96,4,Sim,Falta De Informação,Empresa,Mobilidade,81.22
353,2024-07-24,Direcção De Serviços Financeiros,Atendimento Presencial,83.65,87.07,37,4.3,261,Presencial,10.39,4,Sim,Muito Satisfeito,Utilizador Vulnerável,Habitação,84.46
354,2024-08-21,Departamento De Inovação E Digitalização,Portal Online,75.52,79.70,69,3.7,318,Chatbot,15.47,10,Não,Falta De Informação,Reforma/Pensionista,Digitalização,72.48
355,2024-09-07,Direcção De Recursos Humanos,Balcão Único,83.71,85.05,57,4.2,375,Portal,9.00,5,Sim,Muito Satisfeito,Cidadão,Ambiente,78.66
356,2024-09-24,Departamento De Planeamento Estratégico,Email,89.16,90.67,31,4.7,333,Aplicacao_Movel,9.49,5,Sim,Muito Satisfeito,Estudante,Inovação,85.40
357,2024-10-11,Serviços De Educação,Serviços Digitais,72.54,78.06,71,3.5,376,Telefone,14.38,7,Não,Sistema Lento,Funcionário Público,Educação,69.18
358,2024-10-28,Gabinete De Atendimento Ao Cidadão,Telefone,76.13,81.86,79,3.9,280,Email,14.74,9,Sim,Precisa Melhorias,Empresa,Saúde,66.28
359,2024-11-14,Serviços De Ti,Chatbot,70.54,74.12,91,3.3,198,Presencial,18.74,10,Sim,Processo Complicado,Utilizador Vulnerável,Social,62.37
360,2024-12-01,Departamento De Saúde Pública,Atendimento Presencial,72.35,82.56,74,3.9,264,Chatbot,18.20,8,Sim,Tempo De Espera Elevado,Reforma/Pensionista,Cultura,67.82
361,2024-12-18,Direcção De Serviços Financeiros,Portal Online,78.76,85.90,58,3.8,281,Portal,15.96,7,Sim,Muito Satisfeito,Cidadão,Mobilidade,72.39
362,2024-01-04,Departamento De Inovação E Digitalização,Balcão Único,89.15,89.64,34,4.7,409,Aplicacao_Movel,5.46,3,Sim,Excelente Atendimento,Estudante,Habitação,86.60
363,2024-02-01,Direcção De Recursos Humanos,Email,85.72,83.34,49,4.2,355,Telefone,8.17,5,Não,Muito Satisfeito,Funcionário Público,Digitalização,79.10
364,2024-02-18,Departamento De Planeamento Estratégico,Serviços Digitais,90.55,88.63,40,4.6,319,Email,9.99,6,Sim,Falta De Informação,Empresa,Ambiente,83.07
365,2024-03-06,Serviços De Educação,Telefone,73.33,84.68,74,3.6,374,Presencial,12.97,8,Não,Muito Satisfeito,Utilizador Vulnerável,Inovação,71.66
366,2024-03-23,Gabinete De Atendimento Ao Cidadão,Chatbot,75.33,84.39,63,4.0,307,Chatbot,11.64,7,Sim,Falta De Informação,Reforma/Pensionista,Educação,71.87
367,2024-04-09,Serviços De Ti,Atendimento Presencial,80.28,82.45,74,4.1,313,Portal,15.53,7,Sim,Muito Satisfeito,Cidadão,Saúde,71.29
368,2024-04-26,Departamento De Saúde Pública,Portal Online,85.40,84.32,55,4.3,402,Aplicacao_Movel,13.94,7,Sim,Falta De Informação,Estudante,Social,76.32
369,2024-05-13,Direcção De Serviços Financeiros,Balcão Único,61.59,72.09,112,3.3,243,Telefone,24.32,13,Não,Processo Complicado,Funcionário Público,Cultura,55.44
370,2024-05-30,Departamento De Inovação E Digitalização,Email,87.69,85.12,42,4.0,280,Email,11.38,7,Sim,Falta De Informação,Empresa,Mobilidade,81.22
371,2024-06-16,Direcção De Recursos Humanos,Serviços Digitais,80.76,88.28,44,4.2,395,Presencial,9.21,7,Sim,Muito Satisfeito,Utilizador Vulnerável,Habitação,79.59
372,2024-07-14,Departamento De Planeamento Estratégico,Telefone,75.20,84.05,65,3.9,360,Chatbot,16.17,7,Não,Falta De Informação,Reforma/Pensionista,Digitalização,71.38
373,2024-07-31,Serviços De Educação,Chatbot,76.79,83.04,73,3.7,307,Portal,17.84,10,Sim,Precisa Melhorias,Cidadão,Ambiente,67.24
374,2024-08-17,Gabinete De Atendimento Ao Cidadão,Atendimento Presencial,70.66,79.51,85,3.7,362,Aplicacao_Movel,16.38,11,Sim,Processo Complicado,Estudante,Inovação,62.99
375,2024-09-03,Serviços De Ti,Portal Online,73.68,82.56,72,3.7,394,Telefone,16.00,9,Sim,Muito Satisfeito,Funcionário Público,Educação,71.15
376,2024-09-20,Departamento De Saúde Pública,Balcão Único,83.44,84.47,49,4.4,267,Email,12.42,4,Sim,Falta De Informação,Empresa,Saúde,79.64
377,2024-10-07,Direcção De Serviços Financeiros,Email,67.81,77.47,99,3.1,274,Presencial,18.62,11,Não,Sistema Lento,Utilizador Vulnerável,Social,57.16
378,2024-10-24,Departamento De Inovação E Digitalização,Serviços Digitais,75.70,78.82,78,3.4,361,Chatbot,18.11,10,Sim,Precisa Melhorias,Reforma/Pensionista,Cultura,65.65
379,2024-11-10,Direcção De Recursos Humanos,Telefone,64.32,78.92,99,3.3,158,Portal,20.67,12,Sim,Processo Complicado,Cidadão,Mobilidade,59.83
380,2024-11-27,Departamento De Planeamento Estratégico,Chatbot,82.82,85.48,54,4.0,309,Aplicacao_Movel,8.59,4,Sim,Falta De Informação,Estudante,Habitação,79.71
381,2024-12-25,Serviços De Educação,Atendimento Presencial,89.32,90.03,43,4.5,400,Telefone,7.83,4,Não,Muito Satisfeito,Funcionário Público,Digitalização,84.85
382,2024-01-11,Gabinete De Atendimento Ao Cidadão,Portal Online,90.50,90.63,29,4.2,257,Email,8.74,5,Sim,Excelente Atendimento,Empresa,Ambiente,85.75
383,2024-01-28,Serviços De Ti,Balcão Único,83.14,87.44,50,4.3,340,Presencial,13.70,6,Sim,Muito Satisfeito,Utilizador Vulnerável,Inovação,75.88
384,2024-02-14,Departamento De Saúde Pública,Email,79.47,84.55,61,4.1,333,Chatbot,15.06,8,Sim,Falta De Informação,Reforma/Pensionista,Educação,75.13
385,2024-03-02,Direcção De Serviços Financeiros,Serviços Digitais,77.67,82.41,62,3.5,347,Portal,16.04,8,Sim,Muito Satisfeito,Cidadão,Saúde,70.68
386,2024-03-19,Departamento De Inovação E Digitalização,Telefone,68.04,78.06,102,3.5,165,Aplicacao_Movel,18.92,12,Não,Falta De Informação,Estudante,Social,60.59
387,2024-04-05,Direcção De Recursos Humanos,Chatbot,69.23,76.10,81,3.5,303,Telefone,17.71,11,Não,Sistema Lento,Funcionário Público,Cultura,64.14
388,2024-04-22,Departamento De Planeamento Estratégico,Atendimento Presencial,75.07,77.05,89,3.4,183,Email,14.75,10,Sim,Precisa Melhorias,Empresa,Mobilidade,66.04
389,2024-05-09,Serviços De Educação,Portal Online,73.59,77.98,81,3.6,347,Presencial,15.51,8,Sim,Processo Complicado,Utilizador Vulnerável,Habitação,69.36
390,2024-06-06,Gabinete De Atendimento Ao Cidadão,Balcão Único,66.03,70.61,106,3.3,303,Chatbot,20.54,14,Não,Tempo De Espera Elevado,Reforma/Pensionista,Digitalização,55.04
391,2024-06-23,Serviços De Ti,Email,70.63,76.60,102,3.6,329,Portal,18.13,10,Sim,Falta De Informação,Cidadão,Ambiente,60.55
392,2024-07-10,Departamento De Saúde Pública,Serviços Digitais,81.25,84.41,52,4.3,369,Aplicacao_Movel,14.80,7,Sim,Falta De Informação,Estudante,Inovação,75.88
393,2024-07-27,Direcção De Serviços Financeiros,Telefone,67.97,77.67,88,3.6,206,Telefone,17.49,9,Sim,Precisa Melhorias,Funcionário Público,Educação,63.29
394,2024-08-13,Departamento De Inovação E Digitalização,Chatbot,86.47,84.50,47,4.3,416,Email,9.03,4,Sim,Falta De Informação,Empresa,Saúde,79.95
395,2024-08-30,Direcção De Recursos Humanos,Atendimento Presencial,76.88,85.89,61,4.0,363,Presencial,13.55,9,Sim,Muito Satisfeito,Utilizador Vulnerável,Social,72.50
396,2024-09-16,Departamento De Planeamento Estratégico,Portal Online,79.80,83.31,60,3.8,382,Chatbot,13.12,5,Sim,Falta De Informação,Reforma/Pensionista,Cultura,76.68
397,2024-10-03,Serviços De Educação,Balcão Único,84.20,89.22,53,4.4,372,Portal,11.75,4,Sim,Muito Satisfeito,Cidadão,Mobilidade,81.42
398,2024-10-20,Gabinete De Atendimento Ao Cidadão,Email,63.04,72.14,100,3.4,194,Aplicacao_Movel,21.34,11,Não,Precisa Melhorias,Estudante,Habitação,57.38
399,2024-11-17,Serviços De Ti,Serviços Digitais,72.46,78.52,91,3.4,265,Telefone,20.67,8,Não,Processo Complicado,Funcionário Público,Digitalização,63.44
400,2024-12-04,Departamento De Saúde Pública,Telefone,75.80,82.48,74,3.6,244,Email,16.97,9,Não,Tempo De Espera Elevado,Empresa,Ambiente,66.17
401,2024-12-21,Direcção De Serviços Financeiros,Chatbot,90.63,88.24,32,4.1,428,Presencial,7.99,4,Sim,Muito Satisfeito,Utilizador Vulnerável,Inovação,83.42
402,2024-01-07,Departamento De Inovação E Digitalização,Atendimento Presencial,70.09,83.07,78,3.6,233,Chatbot,16.59,9,Sim,Sistema Lento,Reforma/Pensionista,Educação,67.28
403,2024-01-24,Direcção De Recursos Humanos,Portal Online,88.64,90.93,52,4.1,381,Portal,9.05,6,Sim,Muito Satisfeito,Cidadão,Saúde,81.99
404,2024-02-10,Departamento De Planeamento Estratégico,Balcão Único,78.12,82.54,77,3.9,244,Aplicacao_Movel,18.04,8,Sim,Processo Complicado,Estudante,Social,69.05
405,2024-02-27,Serviços De Educação,Email,88.79,91.01,36,4.6,361,Telefone,9.36,5,Sim,Muito Satisfeito,Funcionário Público,Cultura,84.09
406,2024-03-15,Gabinete De Atendimento Ao Cidadão,Serviços Digitais,82.19,85.55,55,4.0,294,Email,14.49,8,Sim,Falta De Informação,Empresa,Mobilidade,74.67
407,2024-04-01,Serviços De Ti,Telefone,78.83,81.23,72,3.8,375,Presencial,16.42,8,Sim,Muito Satisfeito,Utilizador Vulnerável,Habitação,71.30
408,2024-04-29,Departamento De Saúde Pública,Chatbot,70.40,81.12,70,3.9,336,Chatbot,13.83,11,Não,Precisa Melhorias,Reforma/Pensionista,Digitalização,67.97
409,2024-05-16,Direcção De Serviços Financeiros,Atendimento Presencial,73.12,78.79,80,3.8,298,Portal,14.41,9,Não,Processo Complicado,Cidadão,Ambiente,67.55
410,2024-06-02,Departamento De Inovação E Digitalização,Portal Online,76.01,79.20,60,3.8,364,Aplicacao_Movel,15.90,10,Sim,Falta De Informação,Estudante,Inovação,71.69
411,2024-06-19,Direcção De Recursos Humanos,Balcão Único,74.18,80.18,69,3.6,189,Telefone,15.26,9,Não,Falta De Informação,Funcionário Público,Educação,68.80
412,2024-07-06,Departamento De Planeamento Estratégico,Email,88.02,86.51,45,4.0,257,Email,7.99,5,Sim,Falta De Informação,Empresa,Saúde,79.95
413,2024-07-23,Serviços De Educação,Serviços Digitais,76.17,85.60,70,3.8,377,Presencial,11.61,7,Sim,Muito Satisfeito,Utilizador Vulnerável,Social,74.19
414,2024-08-09,Gabinete De Atendimento Ao Cidadão,Telefone,72.35,76.90,72,3.7,310,Chatbot,14.79,8,Sim,Processo Complicado,Reforma/Pensionista,Cultura,66.28
415,2024-08-26,Serviços De Ti,Chatbot,82.88,89.92,50,4.3,367,Portal,10.22,4,Sim,Muito Satisfeito,Cidadão,Mobilidade,79.96
416,2024-09-12,Departamento De Saúde Pública,Atendimento Presencial,81.09,82.99,76,3.7,246,Aplicacao_Movel,14.01,9,Sim,Falta De Informação,Estudante,Habitação,71.59
417,2024-10-10,Direcção De Serviços Financeiros,Portal Online,92.88,93.65,37,4.6,287,Telefone,7.99,3,Não,Excelente Atendimento,Funcionário Público,Digitalização,87.78
418,2024-10-27,Departamento De Inovação E Digitalização,Balcão Único,84.74,86.55,53,4.0,381,Email,14.09,9,Sim,Falta De Informação,Empresa,Ambiente,75.71
419,2024-11-13,Direcção De Recursos Humanos,Email,71.09,75.69,83,3.7,206,Presencial,20.32,11,Sim,Processo Complicado,Utilizador Vulnerável,Inovação,62.59
420,2024-11-30,Departamento De Planeamento Estratégico,Serviços Digitais,88.03,86.50,38,4.5,356,Chatbot,10.47,6,Sim,Falta De Informação,Reforma/Pensionista,Educação,83.61
421,2024-12-17,Serviços De Educação,Telefone,84.85,84.18,59,3.9,223,Portal,13.27,5,Sim,Muito Satisfeito,Cidadão,Saúde,77.66
422,2024-01-03,Gabinete De Atendimento Ao Cidadão,Chatbot,74.27,81.20,70,3.6,206,Aplicacao_Movel,15.34,9,Sim,Sistema Lento,Estudante,Social,68.58
423,2024-01-20,Serviços De Ti,Atendimento Presencial,80.93,83.39,60,3.7,362,Telefone,13.27,9,Sim,Muito Satisfeito,Funcionário Público,Cultura,73.11
424,2024-02-06,Departamento De Saúde Pública,Portal Online,80.19,85.46,44,4.1,240,Email,12.87,6,Sim,Falta De Informação,Empresa,Mobilidade,77.70
425,2024-02-23,Direcção De Serviços Financeiros,Balcão Único,91.86,92.99,33,4.6,308,Presencial,8.04,4,Sim,Resposta Rápida E Eficaz,Utilizador Vulnerável,Habitação,89.51
426,2024-03-22,Departamento De Inovação E Digitalização,Email,86.61,84.86,41,4.5,258,Chatbot,8.07,7,Não,Falta De Informação,Reforma/Pensionista,Digitalização,80.90
427,2024-04-08,Direcção De Recursos Humanos,Serviços Digitais,84.00,84.63,42,4.0,333,Portal,12.38,6,Sim,Muito Satisfeito,Cidadão,Ambiente,78.84
428,2024-04-25,Departamento De Planeamento Estratégico,Telefone,75.96,79.98,61,3.9,339,Aplicacao_Movel,13.89,8,Sim,Falta De Informação,Estudante,Inovação,73.42
429,2024-05-12,Serviços De Educação,Chatbot,71.29,80.56,75,3.7,375,Telefone,19.57,10,Sim,Processo Complicado,Funcionário Público,Educação,65.12
430,2024-05-29,Gabinete De Atendimento Ao Cidadão,Atendimento Presencial,86.26,84.43,54,4.2,374,Email,7.38,6,Sim,Falta De Informação,Empresa,Saúde,79.87
431,2024-06-15,Serviços De Ti,Portal Online,83.04,80.84,58,3.8,270,Presencial,14.34,7,Sim,Muito Satisfeito,Utilizador Vulnerável,Social,74.42
432,2024-07-02,Departamento De Saúde Pública,Balcão Único,77.16,82.58,77,4.1,333,Chatbot,13.28,8,Sim,Falta De Informação,Reforma/Pensionista,Cultura,71.27
433,2024-07-19,Direcção De Serviços Financeiros,Email,77.32,78.60,82,3.9,336,Portal,13.47,10,Sim,Precisa Melhorias,Cidadão,Mobilidade,67.99
434,2024-08-05,Departamento De Inovação E Digitalização,Serviços Digitais,79.07,81.19,51,4.2,215,Aplicacao_Movel,11.64,8,Sim,Falta De Informação,Estudante,Habitação,75.38
435,2024-09-02,Direcção De Recursos Humanos,Telefone,68.75,78.54,83,3.8,297,Telefone,15.05,9,Não,Tempo De Espera Elevado,Funcionário Público,Digitalização,65.08
436,2024-09-19,Departamento De Planeamento Estratégico,Chatbot,71.56,74.58,98,3.5,260,Email,18.97,10,Não,Falta De Informação,Empresa,Ambiente,61.52
437,2024-10-06,Serviços De Educação,Atendimento Presencial,76.97,80.56,90,3.7,304,Presencial,17.08,11,Não,Sistema Lento,Utilizador Vulnerável,Inovação,65.87
438,2024-10-23,Gabinete De Atendimento Ao Cidadão,Portal Online,72.95,79.63,68,3.9,376,Chatbot,17.08,10,Sim,Precisa Melhorias,Reforma/Pensionista,Educação,69.10
439,2024-11-09,Serviços De Ti,Balcão Único,73.11,81.76,74,3.7,220,Portal,14.03,9,Não,Processo Complicado,Cidadão,Saúde,67.17
440,2024-11-26,Departamento De Saúde Pública,Email,82.66,86.11,61,4.0,209,Aplicacao_Movel,13.10,6,Sim,Falta De Informação,Estudante,Social,73.21
441,2024-12-13,Direcção De Serviços Financeiros,Serviços Digitais,76.91,85.23,62,3.6,232,Telefone,15.43,8,Sim,Muito Satisfeito,Funcionário Público,Cultura,71.41
442,2024-12-30,Departamento De Inovação E Digitalização,Telefone,71.92,77.86,67,3.5,382,Email,13.40,10,Sim,Sistema Lento,Empresa,Mobilidade,69.13
443,2024-01-16,Direcção De Recursos Humanos,Chatbot,79.37,83.76,57,4.2,387,Presencial,13.14,8,Sim,Muito Satisfeito,Utilizador Vulnerável,Habitação,76.96
444,2024-02-13,Departamento De Planeamento Estratégico,Atendimento Presencial,65.43,75.60,93,3.5,335,Chatbot,23.44,13,Não,Processo Complicado,Reforma/Pensionista,Digitalização,56.86
445,2024-03-01,Serviços De Educação,Portal Online,66.12,78.67,88,3.3,327,Portal,19.27,11,Não,Tempo De Espera Elevado,Cidadão,Ambiente,61.44
446,2024-03-18,Gabinete De Atendimento Ao Cidadão,Balcão Único,74.94,78.40,87,3.3,249,Aplicacao_Movel,19.00,10,Sim,Falta De Informação,Estudante,Inovação,63.90
447,2024-04-04,Serviços De Ti,Email,85.79,88.35,50,4.3,240,Telefone,10.01,6,Sim,Muito Satisfeito,Funcionário Público,Educação,79.94
448,2024-04-21,Departamento De Saúde Pública,Serviços Digitais,76.61,86.05,50,4.3,360,Email,13.71,6,Sim,Falta De Informação,Empresa,Saúde,75.42
449,2024-05-08,Direcção De Serviços Financeiros,Telefone,79.55,83.81,46,4.0,214,Presencial,14.14,8,Sim,Muito Satisfeito,Utilizador Vulnerável,Social,77.02
450,2024-05-25,Departamento De Inovação E Digitalização,Chatbot,84.50,92.22,30,4.3,303,Chatbot,7.27,5,Sim,Falta De Informação,Reforma/Pensionista,Cultura,84.04
451,2024-06-11,Direcção De Recursos Humanos,Atendimento Presencial,80.57,82.52,56,4.1,385,Portal,13.48,8,Sim,Muito Satisfeito,Cidadão,Mobilidade,72.59
452,2024-06-28,Departamento De Planeamento Estratégico,Portal Online,86.79,88.52,46,4.4,360,Aplicacao_Movel,10.09,4,Sim,Falta De Informação,Estudante,Habitação,82.73
453,2024-07-26,Serviços De Educação,Balcão Único,79.36,84.54,74,3.6,351,Telefone,16.66,9,Não,Muito Satisfeito,Funcionário Público,Digitalização,70.41
454,2024-08-12,Gabinete De Atendimento Ao Cidadão,Email,82.54,81.35,62,3.9,233,Email,12.21,6,Sim,Falta De Informação,Empresa,Ambiente,74.63
455,2024-08-29,Serviços De Ti,Serviços Digitais,81.70,83.70,53,3.8,223,Presencial,14.54,8,Sim,Muito Satisfeito,Utilizador Vulnerável,Inovação,75.47
456,2024-09-15,Departamento De Saúde Pública,Telefone,77.28,80.26,68,4.0,259,Chatbot,14.60,8,Sim,Falta De Informação,Reforma/Pensionista,Educação,73.36
457,2024-10-02,Direcção De Serviços Financeiros,Chatbot,71.95,83.61,72,3.8,216,Portal,15.04,8,Sim,Sistema Lento,Cidadão,Saúde,68.73
458,2024-10-19,Departamento De Inovação E Digitalização,Atendimento Presencial,85.46,85.26,59,3.9,312,Aplicacao_Movel,9.83,6,Sim,Falta De Informação,Estudante,Social,76.51
459,2024-11-05,Direcção De Recursos Humanos,Portal Online,72.55,77.31,76,3.9,365,Telefone,16.30,11,Sim,Processo Complicado,Funcionário Público,Cultura,66.53
460,2024-11-22,Departamento De Planeamento Estratégico,Balcão Único,69.34,75.75,86,3.4,214,Email,16.68,9,Não,Tempo De Espera Elevado,Empresa,Mobilidade,64.42
461,2024-12-09,Serviços De Educação,Email,70.35,75.33,76,3.5,326,Presencial,19.08,9,Sim,Falta De Informação,Utilizador Vulnerável,Habitação,64.12
462,2024-01-06,Gabinete De Atendimento Ao Cidadão,Serviços Digitais,86.97,86.55,42,4.1,388,Chatbot,6.89,5,Não,Excelente Atendimento,Reforma/Pensionista,Digitalização,85.28
463,2024-01-23,Serviços De Ti,Telefone,71.94,82.80,85,3.7,350,Portal,16.78,7,Sim,Precisa Melhorias,Cidadão,Ambiente,67.52
464,2024-02-09,Departamento De Saúde Pública,Chatbot,69.32,74.19,91,3.5,169,Aplicacao_Movel,18.86,10,Sim,Processo Complicado,Estudante,Inovação,61.39
465,2024-02-26,Direcção De Serviços Financeiros,Atendimento Presencial,91.70,91.23,37,4.7,301,Telefone,8.03,4,Sim,Resposta Rápida E Eficaz,Funcionário Público,Educação,86.51
466,2024-03-14,Departamento De Inovação E Digitalização,Portal Online,90.02,92.63,25,4.6,464,Email,5.93,3,Sim,Muito Satisfeito,Empresa,Saúde,90.39
467,2024-03-31,Direcção De Recursos Humanos,Balcão Único,76.70,86.73,60,4.0,284,Presencial,10.96,6,Sim,Muito Satisfeito,Utilizador Vulnerável,Social,74.01
468,2024-04-17,Departamento De Planeamento Estratégico,Email,82.70,83.71,58,4.1,393,Chatbot,14.44,6,Sim,Falta De Informação,Reforma/Pensionista,Cultura,75.04
469,2024-05-04,Serviços De Educação,Serviços Digitais,83.12,89.22,56,4.2,237,Portal,11.98,7,Sim,Muito Satisfeito,Cidadão,Mobilidade,78.56
470,2024-05-21,Gabinete De Atendimento Ao Cidadão,Telefone,62.69,73.26,107,3.1,283,Aplicacao_Movel,22.05,12,Não,Tempo De Espera Elevado,Estudante,Habitação,58.16
471,2024-06-18,Serviços De Ti,Chatbot,89.23,88.58,33,4.3,409,Telefone,8.18,4,Não,Muito Satisfeito,Funcionário Público,Digitalização,86.78
472,2024-07-05,Departamento De Saúde Pública,Atendimento Presencial,66.28,79.62,83,3.6,241,Email,20.83,9,Sim,Sistema Lento,Empresa,Ambiente,62.50
473,2024-07-22,Direcção De Serviços Financeiros,Portal Online,79.61,80.50,69,3.6,346,Presencial,12.00,8,Sim,Muito Satisfeito,Utilizador Vulnerável,Inovação,70.83
474,2024-08-08,Departamento De Inovação E Digitalização,Balcão Único,70.62,71.90,104,3.6,178,Chatbot,22.63,12,Sim,Processo Complicado,Reforma/Pensionista,Educação,58.42
475,2024-08-25,Direcção De Recursos Humanos,Email,78.42,83.41,68,3.9,366,Portal,12.08,9,Sim,Muito Satisfeito,Cidadão,Saúde,75.23
476,2024-09-11,Departamento De Planeamento Estratégico,Serviços Digitais,87.02,89.00,48,4.2,416,Aplicacao_Movel,6.71,5,Sim,Falta De Informação,Estudante,Social,83.19
477,2024-09-28,Serviços De Educação,Telefone,77.38,84.06,55,3.8,377,Telefone,10.16,6,Sim,Muito Satisfeito,Funcionário Público,Cultura,76.72
478,2024-10-15,Gabinete De Atendimento Ao Cidadão,Chatbot,78.77,83.18,69,3.6,265,Email,16.35,7,Não,Falta De Informação,Empresa,Mobilidade,70.11
479,2024-11-01,Serviços De Ti,Atendimento Presencial,77.32,82.04,82,3.7,359,Presencial,13.98,8,Sim,Processo Complicado,Utilizador Vulnerável,Habitação,66.43
480,2024-11-29,Departamento De Saúde Pública,Portal Online,84.65,87.27,55,4.4,287,Chatbot,9.33,4,Não,Falta De Informação,Reforma/Pensionista,Digitalização,80.18
481,2024-12-16,Direcção De Serviços Financeiros,Balcão Único,83.06,84.95,38,4.4,349,Portal,11.03,6,Sim,Muito Satisfeito,Cidadão,Ambiente,81.58
482,2024-01-02,Departamento De Inovação E Digitalização,Email,82.29,86.76,43,4.1,322,Aplicacao_Movel,7.31,4,Sim,Falta De Informação,Estudante,Inovação,82.26
483,2024-01-19,Direcção De Recursos Humanos,Serviços Digitais,87.28,91.48,42,4.3,247,Telefone,8.44,3,Sim,Muito Satisfeito,Funcionário Público,Educação,83.36
484,2024-02-05,Departamento De Planeamento Estratégico,Telefone,71.56,81.95,77,3.4,368,Email,13.62,9,Sim,Processo Complicado,Empresa,Saúde,68.18
485,2024-02-22,Serviços De Educação,Chatbot,70.57,75.06,98,3.6,194,Presencial,19.79,12,Sim,Tempo De Espera Elevado,Utilizador Vulnerável,Social,61.81
486,2024-03-10,Gabinete De Atendimento Ao Cidadão,Atendimento Presencial,80.33,79.90,77,4.0,337,Chatbot,12.84,7,Sim,Falta De Informação,Reforma/Pensionista,Cultura,70.43
487,2024-03-27,Serviços De Ti,Portal Online,67.98,78.52,92,3.3,316,Portal,19.07,9,Não,Sistema Lento,Cidadão,Mobilidade,62.80
488,2024-04-13,Departamento De Saúde Pública,Balcão Único,86.45,85.06,47,4.5,384,Aplicacao_Movel,8.66,4,Sim,Falta De Informação,Estudante,Habitação,81.55
489,2024-05-11,Direcção De Serviços Financeiros,Email,76.61,77.39,85,3.5,350,Telefone,15.88,8,Não,Processo Complicado,Funcionário Público,Digitalização,65.60
490,2024-05-28,Departamento De Inovação E Digitalização,Serviços Digitais,82.98,87.00,67,4.0,267,Email,11.62,6,Sim,Falta De Informação,Empresa,Ambiente,75.15
491,2024-06-14,Direcção De Recursos Humanos,Telefone,83.59,87.55,44,4.0,420,Presencial,7.16,5,Sim,Muito Satisfeito,Utilizador Vulnerável,Inovação,81.80
492,2024-07-01,Departamento De Planeamento Estratégico,Chatbot,65.46,78.90,97,3.3,174,Chatbot,22.03,11,Não,Sistema Lento,Reforma/Pensionista,Educação,61.40
493,2024-07-18,Serviços De Educação,Atendimento Presencial,83.07,87.75,42,4.5,351,Portal,11.35,6,Sim,Muito Satisfeito,Cidadão,Saúde,82.82
494,2024-08-04,Gabinete De Atendimento Ao Cidadão,Portal Online,82.23,83.46,51,4.2,240,Aplicacao_Movel,9.44,6,Sim,Falta De Informação,Estudante,Social,77.32
495,2024-08-21,Serviços De Ti,Balcão Único,67.49,76.33,92,3.4,321,Telefone,17.89,9,Sim,Tempo De Espera Elevado,Funcionário Público,Cultura,62.66
496,2024-09-07,Departamento De Saúde Pública,Email,86.65,84.79,54,4.0,277,Email,8.63,7,Sim,Falta De Informação,Empresa,Mobilidade,80.11
497,2024-09-24,Direcção De Serviços Financeiros,Serviços Digitais,93.33,90.13,24,4.5,354,Presencial,3.19,5,Sim,Excelente Atendimento,Utilizador Vulnerável,Habitação,89.06
498,2024-10-22,Departamento De Inovação E Digitalização,Telefone,89.77,92.65,18,4.7,407,Chatbot,2.99,1,Não,Bom Serviço,Reforma/Pensionista,Digitalização,91.00
499,2024-11-08,Direcção De Recursos Humanos,Chatbot,90.16,90.55,20,4.7,357,Portal,3.66,2,Sim,Serviço Eficiente,Cidadão,Ambiente,91.26
500,2024-11-25,Departamento De Planeamento Estratégico,Atendimento Presencial,68.36,78.28,87,3.8,230,Aplicacao_Movel,18.58,9,Sim,Tempo De Espera Elevado,Estudante,Inovação,63.80
501,2024-12-12,Serviços De Educação,Portal Online,70.20,77.28,86,3.6,231,Telefone,18.88,9,Não,Falta De Informação,Funcionário Público,Educação,66.99
502,2024-12-29,Gabinete De Atendimento Ao Cidadão,Balcão Único,81.94,86.42,68,4.1,318,Email,11.69,9,Sim,Falta De Informação,Empresa,Saúde,74.16
503,2024-01-15,Serviços De Ti,Email,71.50,80.06,79,3.4,262,Presencial,19.27,11,Não,Precisa Melhorias,Utilizador Vulnerável,Social,65.10
504,2024-02-01,Departamento De Saúde Pública,Serviços Digitais,80.46,89.72,50,4.3,312,Chatbot,8.28,6,Sim,Falta De Informação,Reforma/Pensionista,Cultura,80.01
505,2024-02-18,Direcção De Serviços Financeiros,Telefone,76.69,78.56,66,3.5,345,Portal,14.45,8,Sim,Tempo De Espera Elevado,Cidadão,Mobilidade,69.52
506,2024-03-06,Departamento De Inovação E Digitalização,Chatbot,93.71,95.25,15,4.8,281,Aplicacao_Movel,3.94,4,Sim,Muito Satisfeito,Estudante,Habitação,92.36
507,2024-04-03,Direcção De Recursos Humanos,Atendimento Presencial,77.08,80.60,65,3.8,370,Telefone,12.13,7,Não,Muito Satisfeito,Funcionário Público,Digitalização,72.25
508,2024-04-20,Departamento De Planeamento Estratégico,Portal Online,89.57,88.67,41,4.4,310,Email,10.76,6,Sim,Falta De Informação,Empresa,Ambiente,83.29
509,2024-05-07,Serviços De Educação,Balcão Único,78.91,87.28,50,4.2,410,Presencial,10.17,5,Sim,Muito Satisfeito,Utilizador Vulnerável,Inovação,77.80
510,2024-05-24,Gabinete De Atendimento Ao Cidadão,Email,96.11,90.73,16,4.9,271,Chatbot,5.57,3,Sim,Resposta Rápida E Eficaz,Reforma/Pensionista,Educação,90.82
511,2024-06-10,Serviços De Ti,Serviços Digitais,86.08,90.82,40,4.5,364,Portal,7.30,5,Sim,Muito Satisfeito,Cidadão,Saúde,83.07
512,2024-06-27,Departamento De Saúde Pública,Telefone,86.59,89.63,34,4.1,251,Aplicacao_Movel,10.69,6,Sim,Falta De Informação,Estudante,Social,84.19
513,2024-07-14,Direcção De Serviços Financeiros,Chatbot,89.49,86.56,50,4.1,344,Telefone,10.43,3,Sim,Muito Satisfeito,Funcionário Público,Cultura,82.35
514,2024-07-31,Departamento De Inovação E Digitalização,Atendimento Presencial,81.68,84.63,45,4.1,301,Email,9.14,4,Sim,Falta De Informação,Empresa,Mobilidade,79.61
515,2024-08-17,Direcção De Recursos Humanos,Portal Online,73.02,80.62,96,3.5,192,Presencial,19.33,11,Sim,Tempo De Espera Elevado,Utilizador Vulnerável,Habitação,63.38
516,2024-09-14,Departamento De Planeamento Estratégico,Balcão Único,77.65,83.17,71,3.8,250,Chatbot,12.94,9,Não,Falta De Informação,Reforma/Pensionista,Digitalização,69.97
517,2024-10-01,Serviços De Educação,Email,68.59,75.84,90,3.4,196,Portal,19.62,11,Não,Sistema Lento,Cidadão,Ambiente,62.87
518,2024-10-18,Gabinete De Atendimento Ao Cidadão,Serviços Digitais,81.86,88.21,53,4.3,377,Aplicacao_Movel,12.68,7,Sim,Falta De Informação,Estudante,Inovação,80.35
519,2024-11-04,Serviços De Ti,Telefone,69.35,73.70,101,3.3,200,Telefone,17.93,11,Sim,Processo Complicado,Funcionário Público,Educação,59.99
520,2024-11-21,Departamento De Saúde Pública,Chatbot,90.47,89.80,20,4.8,295,Email,2.84,2,Sim,Resposta Rápida E Eficaz,Empresa,Saúde,89.65
521,2024-12-08,Direcção De Serviços Financeiros,Atendimento Presencial,83.63,87.03,50,4.5,337,Presencial,9.46,7,Sim,Muito Satisfeito,Utilizador Vulnerável,Social,82.36
522,2024-12-25,Departamento De Inovação E Digitalização,Portal Online,80.61,87.40,42,4.2,324,Chatbot,7.68,5,Sim,Falta De Informação,Reforma/Pensionista,Cultura,79.81
523,2024-01-11,Direcção De Recursos Humanos,Balcão Único,97.91,93.40,20,4.9,297,Portal,3.79,2,Sim,Bom Serviço,Cidadão,Mobilidade,95.30
524,2024-01-28,Departamento De Planeamento Estratégico,Email,78.34,86.65,62,3.9,294,Aplicacao_Movel,12.20,8,Sim,Falta De Informação,Estudante,Habitação,77.34
525,2024-02-25,Serviços De Educação,Serviços Digitais,87.50,89.60,50,4.4,310,Telefone,7.62,7,Não,Muito Satisfeito,Funcionário Público,Digitalização,81.60
526,2024-03-13,Gabinete De Atendimento Ao Cidadão,Telefone,80.93,85.84,62,4.1,240,Email,13.74,8,Sim,Falta De Informação,Empresa,Ambiente,73.47
527,2024-03-30,Serviços De Ti,Chatbot,86.64,88.66,30,4.7,368,Presencial,9.23,4,Sim,Excelente Atendimento,Utilizador Vulnerável,Inovação,85.77
528,2024-04-16,Departamento De Saúde Pública,Atendimento Presencial,72.67,78.53,77,3.6,348,Chatbot,15.83,9,Sim,Precisa Melhorias,Reforma/Pensionista,Educação,68.24
529,2024-05-03,Direcção De Serviços Financeiros,Portal Online,74.71,85.49,73,3.8,240,Portal,13.67,6,Sim,Muito Satisfeito,Cidadão,Saúde,72.35
530,2024-05-20,Departamento De Inovação E Digitalização,Balcão Único,79.05,82.67,75,3.8,239,Aplicacao_Movel,14.91,9,Sim,Tempo De Espera Elevado,Estudante,Social,69.92
531,2024-06-06,Direcção De Recursos Humanos,Email,80.03,83.98,72,3.9,255,Telefone,15.41,8,Sim,Muito Satisfeito,Funcionário Público,Cultura,73.19
532,2024-06-23,Departamento De Planeamento Estratégico,Serviços Digitais,86.34,87.38,61,4.4,225,Email,8.98,7,Sim,Falta De Informação,Empresa,Mobilidade,77.85
533,2024-07-10,Serviços De Educação,Telefone,87.81,90.54,31,4.3,264,Presencial,9.28,3,Sim,Bom Serviço,Utilizador Vulnerável,Habitação,87.06
534,2024-08-07,Gabinete De Atendimento Ao Cidadão,Chatbot,71.84,84.01,76,3.9,235,Chatbot,14.55,9,Não,Processo Complicado,Reforma/Pensionista,Digitalização,69.21
535,2024-08-24,Serviços De Ti,Atendimento Presencial,78.65,78.41,65,3.6,193,Portal,14.66,10,Sim,Tempo De Espera Elevado,Cidadão,Ambiente,69.31
536,2024-09-10,Departamento De Saúde Pública,Portal Online,92.60,97.36,14,5.0,391,Aplicacao_Movel,0.66,2,Sim,Muito Satisfeito,Estudante,Inovação,95.00
537,2024-09-27,Direcção De Serviços Financeiros,Balcão Único,74.96,79.93,79,3.7,242,Telefone,19.74,10,Sim,Sistema Lento,Funcionário Público,Educação,65.48
538,2024-10-14,Departamento De Inovação E Digitalização,Email,91.70,94.90,26,4.4,309,Email,4.34,3,Sim,Bom Serviço,Empresa,Saúde,90.30
539,2024-10-31,Direcção De Recursos Humanos,Serviços Digitais,91.38,95.32,28,4.6,366,Presencial,6.28,3,Sim,Serviço Eficiente,Utilizador Vulnerável,Social,91.31
540,2024-11-17,Departamento De Planeamento Estratégico,Telefone,77.63,82.58,58,3.9,277,Chatbot,12.30,6,Sim,Falta De Informação,Reforma/Pensionista,Cultura,72.88
541,2024-12-04,Serviços De Educação,Chatbot,94.20,88.73,30,4.8,407,Portal,4.60,2,Sim,Muito Satisfeito,Cidadão,Mobilidade,89.57
542,2024-12-21,Gabinete De Atendimento Ao Cidadão,Atendimento Presencial,74.93,80.96,68,3.7,221,Aplicacao_Movel,14.95,6,Sim,Falta De Informação,Estudante,Habitação,73.05
543,2024-01-18,Serviços De Ti,Portal Online,78.74,81.52,58,4.1,257,Telefone,11.09,6,Não,Muito Satisfeito,Funcionário Público,Digitalização,75.39
544,2024-02-04,Departamento De Saúde Pública,Balcão Único,88.35,86.98,50,4.5,294,Email,7.50,6,Sim,Falta De Informação,Empresa,Ambiente,80.93
545,2024-02-21,Direcção De Serviços Financeiros,Email,94.07,91.94,26,4.8,289,Presencial,4.86,4,Sim,Resposta Rápida E Eficaz,Utilizador Vulnerável,Inovação,87.87
546,2024-03-09,Departamento De Inovação E Digitalização,Serviços Digitais,83.30,88.78,38,4.0,428,Chatbot,8.95,7,Sim,Falta De Informação,Reforma/Pensionista,Educação,81.93
547,2024-03-26,Direcção De Recursos Humanos,Telefone,85.44,85.21,54,4.0,360,Portal,12.06,5,Sim,Muito Satisfeito,Cidadão,Saúde,79.46
548,2024-04-12,Departamento De Planeamento Estratégico,Chatbot,84.18,84.73,45,4.2,243,Aplicacao_Movel,8.03,5,Sim,Falta De Informação,Estudante,Social,81.71
549,2024-04-29,Serviços De Educação,Atendimento Presencial,93.12,89.63,24,4.8,370,Telefone,2.47,4,Sim,Serviço Eficiente,Funcionário Público,Cultura,90.83
550,2024-05-16,Gabinete De Atendimento Ao Cidadão,Portal Online,95.37,94.10,14,5.0,409,Email,1.89,0,Sim,Resposta Rápida E Eficaz,Empresa,Mobilidade,94.90
551,2024-06-02,Serviços De Ti,Balcão Único,93.05,93.07,29,4.3,337,Presencial,4.43,5,Sim,Muito Satisfeito,Utilizador Vulnerável,Habitação,88.51
552,2024-06-30,Departamento De Saúde Pública,Email,94.79,90.98,14,4.9,435,Chatbot,1.81,4,Não,Excelente Atendimento,Reforma/Pensionista,Digitalização,91.15
553,2024-07-17,Direcção De Serviços Financeiros,Serviços Digitais,80.51,85.22,45,4.4,398,Portal,8.05,7,Sim,Muito Satisfeito,Cidadão,Ambiente,78.49
554,2024-08-03,Departamento De Inovação E Digitalização,Telefone,79.64,82.87,61,4.3,308,Aplicacao_Movel,13.62,5,Sim,Falta De Informação,Estudante,Inovação,77.43
555,2024-08-20,Direcção De Recursos Humanos,Chatbot,72.63,79.39,70,3.7,361,Telefone,12.41,9,Sim,Muito Satisfeito,Funcionário Público,Educação,70.19
556,2024-09-06,Departamento De Planeamento Estratégico,Atendimento Presencial,95.16,94.28,6,4.7,308,Email,3.39,0,Sim,Muito Satisfeito,Empresa,Saúde,94.77
557,2024-09-23,Serviços De Educação,Portal Online,84.43,86.33,43,4.2,274,Presencial,8.41,3,Sim,Muito Satisfeito,Utilizador Vulnerável,Social,84.97
558,2024-10-10,Gabinete De Atendimento Ao Cidadão,Balcão Único,86.41,91.28,45,4.4,246,Chatbot,11.15,6,Sim,Falta De Informação,Reforma/Pensionista,Cultura,82.74
559,2024-10-27,Serviços De Ti,Email,85.25,85.09,41,4.2,272,Portal,12.24,7,Sim,Muito Satisfeito,Cidadão,Mobilidade,80.86
560,2024-11-13,Departamento De Saúde Pública,Serviços Digitais,77.20,76.02,73,3.8,252,Aplicacao_Movel,14.89,11,Sim,Tempo De Espera Elevado,Estudante,Habitação,66.37
561,2024-12-11,Direcção De Serviços Financeiros,Telefone,82.73,82.38,66,3.7,250,Telefone,13.75,6,Não,Muito Satisfeito,Funcionário Público,Digitalização,73.52
562,2024-12-28,Departamento De Inovação E Digitalização,Chatbot,80.15,84.57,63,4.1,343,Email,14.85,9,Sim,Falta De Informação,Empresa,Ambiente,75.66
563,2024-01-14,Direcção De Recursos Humanos,Atendimento Presencial,80.99,79.27,75,4.0,390,Presencial,15.20,10,Sim,Muito Satisfeito,Utilizador Vulnerável,Inovação,71.02
564,2024-01-31,Departamento De Planeamento Estratégico,Portal Online,76.97,79.39,81,3.6,267,Chatbot,13.78,8,Não,Processo Complicado,Reforma/Pensionista,Educação,69.73
565,2024-02-17,Serviços De Educação,Balcão Único,76.91,78.82,75,3.7,216,Portal,14.02,11,Não,Tempo De Espera Elevado,Cidadão,Saúde,68.02
566,2024-03-05,Gabinete De Atendimento Ao Cidadão,Email,96.22,97.72,4,5.0,308,Aplicacao_Movel,1.39,0,Sim,Muito Satisfeito,Estudante,Social,97.48
567,2024-03-22,Serviços De Ti,Serviços Digitais,96.54,96.15,22,4.9,332,Telefone,3.70,2,Sim,Excelente Atendimento,Funcionário Público,Cultura,94.90
568,2024-04-08,Departamento De Saúde Pública,Telefone,88.50,90.63,25,4.5,287,Email,7.50,3,Sim,Bom Serviço,Empresa,Mobilidade,89.81
569,2024-04-25,Direcção De Serviços Financeiros,Chatbot,79.09,86.48,62,4.1,238,Presencial,12.50,8,Sim,Muito Satisfeito,Utilizador Vulnerável,Habitação,75.23
570,2024-05-23,Departamento De Inovação E Digitalização,Atendimento Presencial,81.64,85.28,55,3.7,252,Chatbot,12.34,7,Não,Falta De Informação,Reforma/Pensionista,Digitalização,73.92
571,2024-06-09,Direcção De Recursos Humanos,Portal Online,86.61,91.56,42,4.6,268,Portal,8.32,3,Sim,Muito Satisfeito,Cidadão,Ambiente,84.36
572,2024-06-26,Departamento De Planeamento Estratégico,Balcão Único,92.00,91.12,25,4.3,398,Aplicacao_Movel,8.09,3,Sim,Excelente Atendimento,Estudante,Inovação,87.33
573,2024-07-13,Serviços De Educação,Email,93.15,94.41,28,4.7,341,Telefone,5.27,1,Sim,Bom Serviço,Funcionário Público,Educação,92.09
574,2024-07-30,Gabinete De Atendimento Ao Cidadão,Serviços Digitais,76.47,79.13,86,3.8,215,Email,17.62,11,Sim,Processo Complicado,Empresa,Saúde,66.55
575,2024-08-16,Serviços De Ti,Telefone,88.64,90.70,30,4.7,324,Presencial,6.17,3,Sim,Resposta Rápida E Eficaz,Utilizador Vulnerável,Social,87.21
576,2024-09-02,Departamento De Saúde Pública,Chatbot,86.87,83.60,44,3.9,271,Chatbot,12.24,8,Sim,Falta De Informação,Reforma/Pensionista,Cultura,78.72
577,2024-09-19,Direcção De Serviços Financeiros,Atendimento Presencial,97.21,93.74,11,4.5,423,Portal,2.65,2,Sim,Excelente Atendimento,Cidadão,Mobilidade,94.23
578,2024-10-06,Departamento De Inovação E Digitalização,Portal Online,93.77,97.72,14,4.7,329,Aplicacao_Movel,1.03,3,Sim,Bom Serviço,Estudante,Habitação,95.09
579,2024-11-03,Direcção De Recursos Humanos,Balcão Único,80.67,86.16,47,4.3,311,Telefone,10.95,4,Não,Muito Satisfeito,Funcionário Público,Digitalização,80.06
580,2024-11-20,Departamento De Planeamento Estratégico,Email,89.32,90.22,39,4.3,268,Email,7.43,6,Sim,Falta De Informação,Empresa,Ambiente,82.38
581,2024-12-07,Serviços De Educação,Serviços Digitais,83.30,82.02,60,3.8,317,Presencial,13.99,9,Sim,Muito Satisfeito,Utilizador Vulnerável,Inovação,74.71
582,2024-12-24,Gabinete De Atendimento Ao Cidadão,Telefone,79.94,85.11,52,4.1,300,Chatbot,11.30,6,Sim,Falta De Informação,Reforma/Pensionista,Educação,78.56
583,2024-01-10,Serviços De Ti,Chatbot,94.18,91.46,23,4.6,367,Portal,8.36,5,Sim,Bom Serviço,Cidadão,Saúde,88.18
584,2024-01-27,Departamento De Saúde Pública,Atendimento Presencial,92.40,90.99,25,4.5,329,Aplicacao_Movel,7.19,4,Sim,Serviço Eficiente,Estudante,Social,87.09
585,2024-02-13,Direcção De Serviços Financeiros,Portal Online,91.18,88.45,31,4.3,451,Telefone,7.92,5,Sim,Resposta Rápida E Eficaz,Funcionário Público,Cultura,88.13
586,2024-03-01,Departamento De Inovação E Digitalização,Balcão Único,89.85,88.40,29,4.5,362,Email,8.06,3,Sim,Muito Satisfeito,Empresa,Mobilidade,87.80
587,2024-03-18,Direcção De Recursos Humanos,Email,92.51,89.48,26,4.5,274,Presencial,4.82,2,Sim,Excelente Atendimento,Utilizador Vulnerável,Habitação,88.87
588,2024-04-15,Departamento De Planeamento Estratégico,Serviços Digitais,71.33,83.39,70,3.7,268,Chatbot,16.69,10,Não,Precisa Melhorias,Reforma/Pensionista,Digitalização,68.65
589,2024-05-02,Serviços De Educação,Telefone,86.39,93.52,28,4.5,282,Portal,7.97,3,Sim,Serviço Eficiente,Cidadão,Ambiente,87.08
590,2024-05-19,Gabinete De Atendimento Ao Cidadão,Chatbot,80.28,84.26,44,4.1,262,Aplicacao_Movel,8.41,5,Sim,Falta De Informação,Estudante,Inovação,77.86
591,2024-06-05,Serviços De Ti,Atendimento Presencial,76.60,84.25,58,3.8,319,Telefone,11.79,9,Sim,Muito Satisfeito,Funcionário Público,Educação,74.84
592,2024-06-22,Departamento De Saúde Pública,Portal Online,88.27,87.06,26,4.2,395,Email,7.24,4,Sim,Excelente Atendimento,Empresa,Saúde,85.80
593,2024-07-09,Direcção De Serviços Financeiros,Balcão Único,88.60,91.54,26,4.2,349,Presencial,4.64,4,Sim,Bom Serviço,Utilizador Vulnerável,Social,86.97
594,2024-07-26,Departamento De Inovação E Digitalização,Email,86.35,93.10,39,4.4,304,Chatbot,7.55,2,Sim,Serviço Eficiente,Reforma/Pensionista,Cultura,86.36
595,2024-08-12,Direcção De Recursos Humanos,Serviços Digitais,81.09,83.01,59,4.0,226,Portal,15.77,7,Sim,Muito Satisfeito,Cidadão,Mobilidade,72.84
596,2024-08-29,Departamento De Planeamento Estratégico,Telefone,99.34,97.50,11,4.7,380,Aplicacao_Movel,4.45,2,Sim,Muito Satisfeito,Estudante,Habitação,94.11
597,2024-09-26,Serviços De Educação,Chatbot,75.87,76.78,74,3.6,359,Telefone,14.24,9,Não,Sistema Lento,Funcionário Público,Digitalização,66.95
598,2024-10-13,Gabinete De Atendimento Ao Cidadão,Atendimento Presencial,75.09,83.14,55,4.1,318,Email,10.54,8,Sim,Falta De Informação,Empresa,Ambiente,73.66
599,2024-10-30,Serviços De Ti,Portal Online,83.03,83.54,60,4.1,320,Presencial,14.01,6,Sim,Muito Satisfeito,Utilizador Vulnerável,Inovação,75.99
600,2024-11-16,Departamento De Saúde Pública,Balcão Único,86.73,89.11,39,4.5,372,Chatbot,7.76,5,Sim,Falta De Informação,Reforma/Pensionista,Educação,82.55
601,2024-12-03,Direcção De Serviços Financeiros,Email,90.53,92.87,26,4.5,381,Portal,8.33,2,Sim,Muito Satisfeito,Cidadão,Saúde,88.82
602,2024-12-20,Departamento De Inovação E Digitalização,Serviços Digitais,78.23,77.22,84,3.7,363,Aplicacao_Movel,18.14,10,Sim,Sistema Lento,Estudante,Social,67.45
603,2024-01-06,Direcção De Recursos Humanos,Telefone,77.80,84.94,59,3.7,369,Telefone,13.66,7,Sim,Muito Satisfeito,Funcionário Público,Cultura,74.25
604,2024-01-23,Departamento De Planeamento Estratégico,Chatbot,97.11,97.72,1,4.8,459,Email,0.23,2,Sim,Serviço Eficiente,Empresa,Mobilidade,97.49
605,2024-02-09,Serviços De Educação,Atendimento Presencial,70.64,80.80,89,3.8,378,Presencial,17.52,11,Sim,Tempo De Espera Elevado,Utilizador Vulnerável,Habitação,66.34
606,2024-03-08,Gabinete De Atendimento Ao Cidadão,Portal Online,83.26,88.53,45,4.2,285,Chatbot,10.01,7,Não,Falta De Informação,Reforma/Pensionista,Digitalização,78.95
607,2024-03-25,Serviços De Ti,Balcão Único,85.25,85.35,46,4.5,239,Portal,12.60,5,Sim,Muito Satisfeito,Cidadão,Ambiente,79.88
608,2024-04-11,Departamento De Saúde Pública,Email,68.77,77.93,78,3.8,285,Aplicacao_Movel,15.26,11,Não,Precisa Melhorias,Estudante,Inovação,65.13
609,2024-04-28,Direcção De Serviços Financeiros,Serviços Digitais,73.79,78.30,87,3.4,198,Telefone,16.06,11,Sim,Processo Complicado,Funcionário Público,Educação,66.26
610,2024-05-15,Departamento De Inovação E Digitalização,Telefone,91.83,90.33,44,4.3,305,Email,4.83,5,Sim,Resposta Rápida E Eficaz,Empresa,Saúde,85.15
611,2024-06-01,Direcção De Recursos Humanos,Chatbot,97.09,91.16,22,4.8,460,Presencial,5.48,1,Sim,Muito Satisfeito,Utilizador Vulnerável,Social,91.19
612,2024-06-18,Departamento De Planeamento Estratégico,Atendimento Presencial,79.22,83.69,54,3.9,353,Chatbot,12.55,8,Sim,Falta De Informação,Reforma/Pensionista,Cultura,75.01
613,2024-07-05,Serviços De Educação,Portal Online,99.38,95.95,6,4.5,384,Portal,0.90,0,Sim,Bom Serviço,Cidadão,Mobilidade,94.72
614,2024-07-22,Gabinete De Atendimento Ao Cidadão,Balcão Único,82.47,81.48,60,3.9,289,Aplicacao_Movel,13.96,5,Sim,Falta De Informação,Estudante,Habitação,76.16
615,2024-08-19,Serviços De Ti,Email,87.85,93.69,37,4.6,435,Telefone,4.19,2,Não,Resposta Rápida E Eficaz,Funcionário Público,Digitalização,88.05
616,2024-09-05,Departamento De Saúde Pública,Serviços Digitais,96.98,96.57,23,4.9,382,Email,5.97,1,Sim,Muito Satisfeito,Empresa,Ambiente,92.01
617,2024-09-22,Direcção De Serviços Financeiros,Telefone,81.64,80.08,70,4.2,312,Presencial,14.17,6,Sim,Muito Satisfeito,Utilizador Vulnerável,Inovação,73.36
618,2024-10-09,Departamento De Inovação E Digitalização,Chatbot,87.96,92.47,37,4.3,275,Chatbot,6.05,3,Sim,Bom Serviço,Reforma/Pensionista,Educação,86.29
619,2024-10-26,Direcção De Recursos Humanos,Atendimento Presencial,83.79,84.70,65,3.8,244,Portal,12.68,8,Sim,Muito Satisfeito,Cidadão,Saúde,75.76
620,2024-11-12,Departamento De Planeamento Estratégico,Portal Online,95.84,90.37,24,4.5,298,Aplicacao_Movel,3.13,1,Sim,Resposta Rápida E Eficaz,Estudante,Social,90.95
621,2024-11-29,Serviços De Educação,Balcão Único,84.72,86.77,28,4.3,356,Telefone,7.13,4,Sim,Muito Satisfeito,Funcionário Público,Cultura,85.40
622,2024-12-16,Gabinete De Atendimento Ao Cidadão,Email,81.09,79.91,62,4.0,272,Email,11.78,9,Sim,Falta De Informação,Empresa,Mobilidade,71.30
623,2024-01-02,Serviços De Ti,Serviços Digitais,77.27,78.85,79,3.7,348,Presencial,14.45,9,Sim,Precisa Melhorias,Utilizador Vulnerável,Habitação,67.53
624,2024-01-30,Departamento De Saúde Pública,Telefone,85.38,88.98,46,4.1,365,Chatbot,7.82,6,Não,Falta De Informação,Reforma/Pensionista,Digitalização,79.65
625,2024-02-16,Direcção De Serviços Financeiros,Chatbot,97.15,94.81,24,4.9,344,Portal,5.44,3,Sim,Resposta Rápida E Eficaz,Cidadão,Ambiente,92.98
626,2024-03-04,Departamento De Inovação E Digitalização,Atendimento Presencial,83.53,83.51,60,3.9,231,Aplicacao_Movel,14.90,7,Sim,Falta De Informação,Estudante,Inovação,75.00
627,2024-03-21,Direcção De Recursos Humanos,Portal Online,88.98,91.22,30,4.5,278,Telefone,6.12,3,Sim,Excelente Atendimento,Funcionário Público,Educação,88.94
628,2024-04-07,Departamento De Planeamento Estratégico,Balcão Único,71.22,75.65,91,3.6,301,Email,17.01,11,Não,Precisa Melhorias,Empresa,Saúde,64.59
629,2024-04-24,Serviços De Educação,Email,74.82,86.11,62,3.9,386,Presencial,15.35,8,Sim,Muito Satisfeito,Utilizador Vulnerável,Social,73.01
630,2024-05-11,Gabinete De Atendimento Ao Cidadão,Serviços Digitais,84.37,86.46,51,4.2,314,Chatbot,14.01,5,Sim,Falta De Informação,Reforma/Pensionista,Cultura,77.63
631,2024-05-28,Serviços De Ti,Telefone,70.58,79.72,74,3.7,253,Portal,18.70,10,Não,Falta De Informação,Cidadão,Mobilidade,66.43
632,2024-06-14,Departamento De Saúde Pública,Chatbot,76.46,84.29,64,3.9,288,Aplicacao_Movel,15.27,8,Sim,Falta De Informação,Estudante,Habitação,73.46
633,2024-07-12,Direcção De Serviços Financeiros,Atendimento Presencial,83.52,86.19,36,4.2,365,Telefone,6.75,5,Não,Muito Satisfeito,Funcionário Público,Digitalização,84.28
634,2024-07-29,Departamento De Inovação E Digitalização,Portal Online,73.44,78.08,74,3.6,346,Email,16.77,11,Sim,Processo Complicado,Empresa,Ambiente,65.87
635,2024-08-15,Direcção De Recursos Humanos,Balcão Único,93.11,94.12,12,4.7,475,Presencial,2.27,3,Sim,Resposta Rápida E Eficaz,Utilizador Vulnerável,Inovação,93.70
636,2024-09-01,Departamento De Planeamento Estratégico,Email,80.23,88.09,54,4.0,226,Chatbot,12.96,6,Sim,Falta De Informação,Reforma/Pensionista,Educação,77.40
637,2024-09-18,Serviços De Educação,Serviços Digitais,74.11,77.94,79,3.5,248,Portal,13.85,8,Sim,Sistema Lento,Cidadão,Saúde,69.39
638,2024-10-05,Gabinete De Atendimento Ao Cidadão,Telefone,84.85,89.13,47,3.9,242,Aplicacao_Movel,9.28,7,Sim,Falta De Informação,Estudante,Social,79.61
639,2024-10-22,Serviços De Ti,Chatbot,86.12,84.15,49,4.3,364,Telefone,13.90,8,Sim,Muito Satisfeito,Funcionário Público,Cultura,77.60
640,2024-11-08,Departamento De Saúde Pública,Atendimento Presencial,72.36,80.83,84,3.6,380,Email,15.13,9,Sim,Tempo De Espera Elevado,Empresa,Mobilidade,66.92
641,2024-11-25,Direcção De Serviços Financeiros,Portal Online,81.94,90.54,52,4.0,402,Presencial,8.11,4,Sim,Muito Satisfeito,Utilizador Vulnerável,Habitação,81.44
642,2024-12-23,Departamento De Inovação E Digitalização,Balcão Único,89.18,88.84,46,4.2,382,Chatbot,8.59,6,Não,Falta De Informação,Reforma/Pensionista,Digitalização,83.21
643,2024-01-09,Direcção De Recursos Humanos,Email,82.96,83.80,58,4.4,265,Portal,9.19,7,Sim,Muito Satisfeito,Cidadão,Ambiente,79.52
644,2024-01-26,Departamento De Planeamento Estratégico,Serviços Digitais,69.13,77.84,92,3.4,325,Aplicacao_Movel,16.28,10,Sim,Processo Complicado,Estudante,Inovação,64.70
645,2024-02-12,Serviços De Educação,Telefone,96.24,93.08,11,4.8,424,Telefone,2.36,0,Sim,Resposta Rápida E Eficaz,Funcionário Público,Educação,93.71
646,2024-02-29,Gabinete De Atendimento Ao Cidadão,Chatbot,69.77,77.54,75,3.6,249,Email,17.44,10,Sim,Falta De Informação,Empresa,Saúde,66.83
647,2024-03-17,Serviços De Ti,Atendimento Presencial,92.57,92.43,27,4.3,299,Presencial,7.72,2,Sim,Excelente Atendimento,Utilizador Vulnerável,Social,88.10
648,2024-04-03,Departamento De Saúde Pública,Portal Online,77.77,84.15,63,4.0,331,Chatbot,11.69,9,Sim,Falta De Informação,Reforma/Pensionista,Cultura,74.28
649,2024-04-20,Direcção De Serviços Financeiros,Balcão Único,84.50,86.82,60,4.1,240,Portal,15.06,5,Sim,Muito Satisfeito,Cidadão,Mobilidade,75.57
650,2024-05-07,Departamento De Inovação E Digitalização,Email,83.57,84.40,45,4.2,381,Aplicacao_Movel,9.35,7,Sim,Falta De Informação,Estudante,Habitação,79.58
651,2024-06-04,Direcção De Recursos Humanos,Serviços Digitais,80.47,79.01,64,4.1,325,Telefone,16.64,7,Não,Muito Satisfeito,Funcionário Público,Digitalização,70.10
652,2024-06-21,Departamento De Planeamento Estratégico,Telefone,89.32,87.96,34,4.3,364,Email,6.78,6,Sim,Falta De Informação,Empresa,Ambiente,83.79
653,2024-07-08,Serviços De Educação,Chatbot,76.40,84.75,69,4.1,256,Presencial,12.76,8,Sim,Muito Satisfeito,Utilizador Vulnerável,Inovação,71.56
654,2024-07-25,Gabinete De Atendimento Ao Cidadão,Atendimento Presencial,88.76,87.49,35,4.3,294,Chatbot,9.16,4,Sim,Falta De Informação,Reforma/Pensionista,Educação,82.57
655,2024-08-11,Serviços De Ti,Portal Online,72.68,79.61,66,4.1,253,Portal,15.07,10,Sim,Muito Satisfeito,Cidadão,Saúde,70.49
656,2024-08-28,Departamento De Saúde Pública,Balcão Único,84.12,88.53,43,4.4,250,Aplicacao_Movel,9.71,7,Sim,Falta De Informação,Estudante,Social,79.50
657,2024-09-14,Direcção De Serviços Financeiros,Email,69.18,76.24,79,3.3,204,Telefone,17.49,10,Sim,Sistema Lento,Funcionário Público,Cultura,63.17
658,2024-10-01,Departamento De Inovação E Digitalização,Serviços Digitais,86.09,88.15,42,4.5,337,Email,10.04,5,Sim,Falta De Informação,Empresa,Mobilidade,84.01
659,2024-10-18,Direcção De Recursos Humanos,Telefone,68.73,76.37,81,3.8,192,Presencial,17.63,8,Não,Processo Complicado,Utilizador Vulnerável,Habitação,65.84
660,2024-11-15,Departamento De Planeamento Estratégico,Chatbot,77.86,82.68,50,3.8,340,Chatbot,10.49,8,Não,Falta De Informação,Reforma/Pensionista,Digitalização,75.50
661,2024-12-02,Serviços De Educação,Atendimento Presencial,92.94,93.51,31,4.7,454,Portal,6.47,2,Sim,Muito Satisfeito,Cidadão,Ambiente,88.08
662,2024-12-19,Gabinete De Atendimento Ao Cidadão,Portal Online,65.25,76.30,101,3.5,287,Aplicacao_Movel,17.40,10,Não,Sistema Lento,Estudante,Inovação,59.70
663,2024-01-05,Serviços De Ti,Balcão Único,73.52,75.26,90,3.7,267,Telefone,15.40,11,Sim,Precisa Melhorias,Funcionário Público,Educação,63.85
664,2024-01-22,Departamento De Saúde Pública,Email,96.81,95.52,11,5.0,273,Email,5.23,1,Sim,Serviço Eficiente,Empresa,Saúde,92.86
665,2024-02-08,Direcção De Serviços Financeiros,Serviços Digitais,93.96,94.38,33,4.5,271,Presencial,5.23,2,Sim,Resposta Rápida E Eficaz,Utilizador Vulnerável,Social,88.00
666,2024-02-25,Departamento De Inovação E Digitalização,Telefone,90.34,92.67,27,4.3,292,Chatbot,6.52,5,Sim,Muito Satisfeito,Reforma/Pensionista,Cultura,88.05
667,2024-03-13,Direcção De Recursos Humanos,Chatbot,76.16,76.80,77,3.9,268,Portal,14.93,9,Não,Sistema Lento,Cidadão,Mobilidade,65.84
668,2024-03-30,Departamento De Planeamento Estratégico,Atendimento Presencial,77.35,79.73,70,3.8,387,Aplicacao_Movel,14.40,10,Sim,Falta De Informação,Estudante,Habitação,72.05
669,2024-04-27,Serviços De Educação,Portal Online,85.71,86.30,42,4.4,288,Telefone,10.42,4,Não,Muito Satisfeito,Funcionário Público,Digitalização,83.96
670,2024-05-14,Gabinete De Atendimento Ao Cidadão,Balcão Único,74.99,81.94,71,3.8,256,Email,14.14,9,Sim,Tempo De Espera Elevado,Empresa,Ambiente,67.20
671,2024-05-31,Serviços De Ti,Email,67.41,75.32,95,3.8,188,Presencial,20.45,12,Sim,Falta De Informação,Utilizador Vulnerável,Inovação,63.40
672,2024-06-17,Departamento De Saúde Pública,Serviços Digitais,70.28,77.82,70,3.9,307,Chatbot,15.71,7,Sim,Sistema Lento,Reforma/Pensionista,Educação,67.81
673,2024-07-04,Direcção De Serviços Financeiros,Telefone,71.61,77.72,76,3.7,276,Portal,18.90,9,Sim,Precisa Melhorias,Cidadão,Saúde,66.48
674,2024-07-21,Departamento De Inovação E Digitalização,Chatbot,71.87,76.34,89,3.7,251,Aplicacao_Movel,17.59,10,Sim,Processo Complicado,Estudante,Social,62.51
675,2024-08-07,Direcção De Recursos Humanos,Atendimento Presencial,79.45,84.05,63,3.7,291,Telefone,15.68,8,Sim,Muito Satisfeito,Funcionário Público,Cultura,71.75
676,2024-08-24,Departamento De Planeamento Estratégico,Portal Online,73.19,80.93,82,3.6,281,Email,18.17,8,Não,Falta De Informação,Empresa,Mobilidade,67.38
677,2024-09-10,Serviços De Educação,Balcão Único,82.07,82.81,63,3.9,360,Presencial,13.68,9,Sim,Muito Satisfeito,Utilizador Vulnerável,Habitação,72.23
678,2024-10-08,Gabinete De Atendimento Ao Cidadão,Email,71.93,75.09,83,3.6,216,Chatbot,19.81,8,Não,Precisa Melhorias,Reforma/Pensionista,Digitalização,64.33
679,2024-10-25,Serviços De Ti,Serviços Digitais,81.42,87.92,57,4.0,324,Portal,12.56,7,Sim,Muito Satisfeito,Cidadão,Ambiente,77.82
680,2024-11-11,Departamento De Saúde Pública,Telefone,86.63,84.36,37,4.3,247,Aplicacao_Movel,10.10,4,Sim,Falta De Informação,Estudante,Inovação,81.52
681,2024-11-28,Direcção De Serviços Financeiros,Chatbot,82.64,81.52,55,3.8,217,Telefone,13.02,8,Sim,Muito Satisfeito,Funcionário Público,Educação,75.33
682,2024-12-15,Departamento De Inovação E Digitalização,Atendimento Presencial,82.60,85.20,42,4.0,294,Email,10.94,6,Sim,Falta De Informação,Empresa,Saúde,81.05
683,2024-01-01,Direcção De Recursos Humanos,Portal Online,74.14,83.64,57,3.7,217,Presencial,14.46,8,Sim,Muito Satisfeito,Utilizador Vulnerável,Social,72.54
684,2024-01-18,Departamento De Planeamento Estratégico,Balcão Único,69.33,78.94,94,3.5,349,Chatbot,22.45,11,Sim,Processo Complicado,Reforma/Pensionista,Cultura,59.80
685,2024-02-04,Serviços De Educação,Email,80.62,84.42,68,4.0,268,Portal,14.63,10,Sim,Muito Satisfeito,Cidadão,Mobilidade,71.93
686,2024-02-21,Gabinete De Atendimento Ao Cidadão,Serviços Digitais,66.08,77.13,107,3.3,214,Aplicacao_Movel,22.93,12,Não,Falta De Informação,Estudante,Habitação,57.25
687,2024-03-20,Serviços De Ti,Telefone,80.01,83.83,63,4.3,235,Telefone,11.11,5,Não,Muito Satisfeito,Funcionário Público,Digitalização,76.63
688,2024-04-06,Departamento De Saúde Pública,Chatbot,79.16,82.53,73,3.6,223,Email,13.03,7,Sim,Precisa Melhorias,Empresa,Ambiente,69.93
689,2024-04-23,Direcção De Serviços Financeiros,Atendimento Presencial,74.72,82.15,81,3.6,211,Presencial,16.40,10,Sim,Processo Complicado,Utilizador Vulnerável,Inovação,69.44
690,2024-05-10,Departamento De Inovação E Digitalização,Portal Online,71.53,76.79,84,3.6,216,Chatbot,20.47,11,Sim,Tempo De Espera Elevado,Reforma/Pensionista,Educação,62.00
691,2024-05-27,Direcção De Recursos Humanos,Balcão Único,85.50,88.73,39,4.0,338,Portal,10.03,6,Sim,Muito Satisfeito,Cidadão,Saúde,81.42
692,2024-06-13,Departamento De Planeamento Estratégico,Email,76.56,83.12,57,4.1,382,Aplicacao_Movel,12.80,9,Sim,Falta De Informação,Estudante,Social,72.70
693,2024-06-30,Serviços De Educação,Serviços Digitais,89.90,90.44,35,4.2,269,Telefone,9.23,6,Sim,Bom Serviço,Funcionário Público,Cultura,86.06
694,2024-07-17,Gabinete De Atendimento Ao Cidadão,Telefone,81.17,85.19,62,4.2,344,Email,11.58,7,Sim,Falta De Informação,Empresa,Mobilidade,77.79
695,2024-08-03,Serviços De Ti,Chatbot,81.01,85.65,58,3.7,344,Presencial,12.63,8,Sim,Muito Satisfeito,Utilizador Vulnerável,Habitação,72.11
696,2024-08-31,Departamento De Saúde Pública,Atendimento Presencial,70.10,78.70,80,3.8,294,Chatbot,14.88,8,Não,Falta De Informação,Reforma/Pensionista,Digitalização,67.36
697,2024-09-17,Direcção De Serviços Financeiros,Portal Online,70.01,73.70,102,3.6,345,Portal,21.73,13,Sim,Sistema Lento,Cidadão,Ambiente,58.50
698,2024-10-04,Departamento De Inovação E Digitalização,Balcão Único,80.54,87.18,53,3.8,402,Aplicacao_Movel,12.93,5,Sim,Falta De Informação,Estudante,Inovação,77.03
699,2024-10-21,Direcção De Recursos Humanos,Email,84.30,88.42,50,4.1,222,Telefone,13.07,4,Sim,Muito Satisfeito,Funcionário Público,Educação,79.00
700,2024-11-07,Departamento De Planeamento Estratégico,Serviços Digitais,68.78,74.31,80,3.7,283,Email,18.08,10,Não,Tempo De Espera Elevado,Empresa,Saúde,62.59
701,2024-11-24,Serviços De Educação,Telefone,80.31,86.06,51,4.3,410,Presencial,9.71,8,Sim,Muito Satisfeito,Utilizador Vulnerável,Social,76.64
702,2024-12-11,Gabinete De Atendimento Ao Cidadão,Chatbot,90.31,90.79,37,4.6,337,Chatbot,8.03,6,Sim,Excelente Atendimento,Reforma/Pensionista,Cultura,86.10
703,2024-12-28,Serviços De Ti,Atendimento Presencial,61.78,73.24,103,3.0,147,Portal,22.37,11,Não,Precisa Melhorias,Cidadão,Mobilidade,55.89
704,2024-01-14,Departamento De Saúde Pública,Portal Online,91.30,93.87,38,4.6,449,Aplicacao_Movel,6.92,4,Sim,Serviço Eficiente,Estudante,Habitação,87.23
705,2024-02-11,Direcção De Serviços Financeiros,Balcão Único,85.95,85.87,36,4.3,344,Telefone,7.68,6,Não,Muito Satisfeito,Funcionário Público,Digitalização,83.48
706,2024-02-28,Departamento De Inovação E Digitalização,Email,72.01,76.85,91,3.6,199,Email,16.34,9,Não,Falta De Informação,Empresa,Ambiente,64.82
707,2024-03-16,Direcção De Recursos Humanos,Serviços Digitais,71.56,82.43,79,3.9,265,Presencial,14.46,8,Sim,Sistema Lento,Utilizador Vulnerável,Inovação,68.22
708,2024-04-02,Departamento De Planeamento Estratégico,Telefone,91.31,92.00,37,4.3,336,Chatbot,4.72,6,Sim,Bom Serviço,Reforma/Pensionista,Educação,86.03
709,2024-04-19,Serviços De Educação,Chatbot,72.80,80.91,78,3.7,368,Portal,18.57,11,Não,Processo Complicado,Cidadão,Saúde,63.74
710,2024-05-06,Gabinete De Atendimento Ao Cidadão,Atendimento Presencial,75.97,80.14,65,4.0,377,Aplicacao_Movel,14.73,8,Sim,Falta De Informação,Estudante,Social,73.70
711,2024-05-23,Serviços De Ti,Portal Online,85.12,85.63,56,4.4,339,Telefone,9.81,7,Sim,Muito Satisfeito,Funcionário Público,Cultura,79.69
712,2024-06-09,Departamento De Saúde Pública,Balcão Único,85.01,84.17,52,4.1,364,Email,13.59,4,Sim,Falta De Informação,Empresa,Mobilidade,78.41
713,2024-06-26,Direcção De Serviços Financeiros,Email,69.43,76.55,96,3.5,336,Presencial,20.33,9,Sim,Precisa Melhorias,Utilizador Vulnerável,Habitação,63.01
714,2024-07-24,Departamento De Inovação E Digitalização,Serviços Digitais,88.32,89.19,29,4.1,379,Chatbot,5.02,4,Não,Serviço Eficiente,Reforma/Pensionista,Digitalização,85.27
715,2024-08-10,Direcção De Recursos Humanos,Telefone,85.50,88.40,57,4.2,222,Portal,13.48,6,Sim,Muito Satisfeito,Cidadão,Ambiente,78.14
716,2024-08-27,Departamento De Planeamento Estratégico,Chatbot,70.40,79.55,70,3.5,237,Aplicacao_Movel,18.81,11,Sim,Falta De Informação,Estudante,Inovação,66.85
717,2024-09-13,Serviços De Educação,Atendimento Presencial,84.39,89.68,46,4.3,384,Telefone,9.71,6,Sim,Muito Satisfeito,Funcionário Público,Educação,80.86
718,2024-09-30,Gabinete De Atendimento Ao Cidadão,Portal Online,85.24,87.59,48,4.0,337,Email,10.24,5,Sim,Falta De Informação,Empresa,Saúde,81.92
719,2024-10-17,Serviços De Ti,Balcão Único,88.92,86.68,34,4.0,301,Presencial,7.15,5,Sim,Muito Satisfeito,Utilizador Vulnerável,Social,81.96
720,2024-11-03,Departamento De Saúde Pública,Email,71.17,79.10,78,3.9,295,Chatbot,14.18,8,Sim,Tempo De Espera Elevado,Reforma/Pensionista,Cultura,68.17
721,2024-11-20,Direcção De Serviços Financeiros,Serviços Digitais,60.77,74.94,110,3.4,205,Portal,24.44,13,Não,Falta De Informação,Cidadão,Mobilidade,53.21
722,2024-12-07,Departamento De Inovação E Digitalização,Telefone,78.09,81.18,83,3.4,206,Aplicacao_Movel,17.59,8,Sim,Sistema Lento,Estudante,Habitação,67.09
723,2024-01-04,Direcção De Recursos Humanos,Chatbot,79.20,83.75,63,4.0,298,Telefone,13.31,9,Não,Muito Satisfeito,Funcionário Público,Digitalização,71.25
724,2024-01-21,Departamento De Planeamento Estratégico,Atendimento Presencial,84.95,89.82,46,4.1,236,Email,7.33,4,Sim,Falta De Informação,Empresa,Ambiente,80.53
725,2024-02-07,Serviços De Educação,Portal Online,82.84,82.71,57,4.2,224,Presencial,13.50,5,Sim,Muito Satisfeito,Utilizador Vulnerável,Inovação,77.40
726,2024-02-24,Gabinete De Atendimento Ao Cidadão,Balcão Único,74.91,81.51,90,3.4,221,Chatbot,15.63,10,Não,Falta De Informação,Reforma/Pensionista,Educação,64.60
727,2024-03-12,Serviços De Ti,Email,79.17,86.86,55,3.8,274,Portal,12.04,7,Sim,Muito Satisfeito,Cidadão,Saúde,77.36
728,2024-03-29,Departamento De Saúde Pública,Serviços Digitais,69.55,80.70,79,3.9,260,Aplicacao_Movel,19.18,10,Não,Precisa Melhorias,Estudante,Social,65.56
729,2024-04-15,Direcção De Serviços Financeiros,Telefone,79.81,83.74,50,4.3,381,Telefone,12.96,7,Sim,Muito Satisfeito,Funcionário Público,Cultura,78.56
730,2024-05-02,Departamento De Inovação E Digitalização,Chatbot,64.44,78.81,87,3.1,210,Email,17.61,10,Não,Tempo De Espera Elevado,Empresa,Mobilidade,59.63
731,2024-05-19,Direcção De Recursos Humanos,Atendimento Presencial,82.18,87.25,59,4.0,307,Presencial,12.47,6,Sim,Muito Satisfeito,Utilizador Vulnerável,Habitação,75.45
732,2024-06-16,Departamento De Planeamento Estratégico,Portal Online,81.68,84.60,71,3.9,268,Chatbot,12.35,9,Não,Falta De Informação,Reforma/Pensionista,Digitalização,72.54
733,2024-07-03,Serviços De Educação,Balcão Único,72.96,80.26,76,3.8,325,Portal,16.91,8,Não,Precisa Melhorias,Cidadão,Ambiente,67.84
734,2024-07-20,Gabinete De Atendimento Ao Cidadão,Email,78.48,84.42,68,3.9,377,Aplicacao_Movel,10.60,6,Sim,Falta De Informação,Estudante,Inovação,74.37
735,2024-08-06,Serviços De Ti,Serviços Digitais,76.41,79.54,80,3.7,214,Telefone,14.63,7,Sim,Tempo De Espera Elevado,Funcionário Público,Educação,68.82
736,2024-08-23,Departamento De Saúde Pública,Telefone,88.28,89.59,32,4.6,445,Email,5.03,3,Sim,Muito Satisfeito,Empresa,Saúde,85.81
737,2024-09-09,Direcção De Serviços Financeiros,Chatbot,75.55,85.18,71,3.7,384,Presencial,12.44,7,Sim,Muito Satisfeito,Utilizador Vulnerável,Social,73.43
738,2024-09-26,Departamento De Inovação E Digitalização,Atendimento Presencial,66.66,72.00,107,3.4,225,Chatbot,19.16,13,Sim,Precisa Melhorias,Reforma/Pensionista,Cultura,58.15
739,2024-10-13,Direcção De Recursos Humanos,Portal Online,83.95,84.53,44,4.2,396,Portal,9.51,7,Sim,Muito Satisfeito,Cidadão,Mobilidade,79.19
740,2024-10-30,Departamento De Planeamento Estratégico,Balcão Único,85.78,87.92,52,4.1,397,Aplicacao_Movel,6.62,5,Sim,Falta De Informação,Estudante,Habitação,81.64
741,2024-11-27,Serviços De Educação,Email,81.88,82.73,60,3.9,257,Telefone,11.34,6,Não,Muito Satisfeito,Funcionário Público,Digitalização,77.29
742,2024-12-14,Gabinete De Atendimento Ao Cidadão,Serviços Digitais,76.10,81.03,65,4.1,340,Email,15.73,6,Sim,Falta De Informação,Empresa,Ambiente,72.92
743,2024-12-31,Serviços De Ti,Telefone,74.28,80.13,76,3.9,383,Presencial,16.49,9,Sim,Muito Satisfeito,Utilizador Vulnerável,Inovação,71.77
744,2024-01-17,Departamento De Saúde Pública,Chatbot,84.30,88.33,52,3.9,233,Chatbot,11.54,4,Sim,Falta De Informação,Reforma/Pensionista,Educação,79.23
745,2024-02-03,Direcção De Serviços Financeiros,Atendimento Presencial,89.96,93.11,30,4.3,363,Portal,3.97,3,Sim,Resposta Rápida E Eficaz,Cidadão,Saúde,87.94
746,2024-02-20,Departamento De Inovação E Digitalização,Portal Online,84.64,87.80,52,4.3,384,Aplicacao_Movel,12.45,5,Sim,Falta De Informação,Estudante,Social,77.47
747,2024-03-08,Direcção De Recursos Humanos,Balcão Único,80.09,81.27,73,4.1,242,Telefone,14.47,8,Sim,Muito Satisfeito,Funcionário Público,Cultura,73.00
748,2024-03-25,Departamento De Planeamento Estratégico,Email,88.13,88.74,31,4.5,266,Email,7.84,4,Sim,Bom Serviço,Empresa,Mobilidade,89.26
749,2024-04-11,Serviços De Educação,Serviços Digitais,73.97,77.13,82,3.3,289,Presencial,20.00,10,Não,Processo Complicado,Utilizador Vulnerável,Habitação,62.87
750,2024-05-09,Gabinete De Atendimento Ao Cidadão,Telefone,75.62,79.56,68,3.5,352,Chatbot,13.91,8,Não,Tempo De Espera Elevado,Reforma/Pensionista,Digitalização,69.29
751,2024-05-26,Serviços De Ti,Chatbot,82.24,84.63,49,4.1,369,Portal,11.25,4,Sim,Muito Satisfeito,Cidadão,Ambiente,81.52
752,2024-06-12,Departamento De Saúde Pública,Atendimento Presencial,75.20,85.74,70,4.1,359,Aplicacao_Movel,10.74,6,Sim,Falta De Informação,Estudante,Inovação,73.83
753,2024-06-29,Direcção De Serviços Financeiros,Portal Online,60.92,71.97,108,3.2,242,Telefone,22.35,14,Não,Precisa Melhorias,Funcionário Público,Educação,55.13
754,2024-07-16,Departamento De Inovação E Digitalização,Balcão Único,75.03,82.22,69,3.6,230,Email,12.23,8,Sim,Falta De Informação,Empresa,Saúde,70.78
755,2024-08-02,Direcção De Recursos Humanos,Email,62.51,73.12,112,3.2,252,Presencial,24.83,13,Não,Tempo De Espera Elevado,Utilizador Vulnerável,Social,50.57
756,2024-08-19,Departamento De Planeamento Estratégico,Serviços Digitais,79.10,82.77,74,3.6,346,Chatbot,13.77,9,Não,Falta De Informação,Reforma/Pensionista,Cultura,68.88
757,2024-09-05,Serviços De Educação,Telefone,69.19,75.67,100,3.1,151,Portal,24.43,13,Não,Sistema Lento,Cidadão,Mobilidade,56.12
758,2024-09-22,Gabinete De Atendimento Ao Cidadão,Chatbot,88.43,86.07,38,4.6,372,Aplicacao_Movel,10.08,6,Sim,Falta De Informação,Estudante,Habitação,84.68
759,2024-10-20,Serviços De Ti,Atendimento Presencial,73.67,78.02,79,3.7,258,Telefone,13.99,9,Não,Processo Complicado,Funcionário Público,Digitalização,69.04
760,2024-11-06,Departamento De Saúde Pública,Portal Online,80.47,82.83,54,3.9,318,Email,14.12,8,Sim,Falta De Informação,Empresa,Ambiente,76.44
761,2024-11-23,Direcção De Serviços Financeiros,Balcão Único,72.42,76.02,88,3.3,192,Presencial,17.03,8,Não,Falta De Informação,Utilizador Vulnerável,Inovação,65.47
762,2024-12-10,Departamento De Inovação E Digitalização,Email,78.37,85.34,69,3.9,291,Chatbot,12.19,8,Sim,Falta De Informação,Reforma/Pensionista,Educação,72.94
763,2024-12-27,Direcção De Recursos Humanos,Serviços Digitais,65.22,77.97,89,3.5,346,Portal,18.68,10,Não,Precisa Melhorias,Cidadão,Saúde,59.14
764,2024-01-13,Departamento De Planeamento Estratégico,Telefone,74.05,83.50,76,3.7,390,Aplicacao_Movel,16.11,10,Sim,Processo Complicado,Estudante,Social,69.28
765,2024-01-30,Serviços De Educação,Chatbot,78.82,81.56,78,3.9,229,Telefone,15.46,7,Sim,Muito Satisfeito,Funcionário Público,Cultura,70.94
766,2024-02-16,Gabinete De Atendimento Ao Cidadão,Atendimento Presencial,90.51,90.25,40,4.4,300,Email,6.87,3,Sim,Falta De Informação,Empresa,Mobilidade,82.83
767,2024-03-04,Serviços De Ti,Portal Online,91.85,89.69,42,4.3,246,Presencial,8.96,5,Sim,Excelente Atendimento,Utilizador Vulnerável,Habitação,85.75
768,2024-04-01,Departamento De Saúde Pública,Balcão Único,87.97,91.96,32,4.6,252,Chatbot,9.44,6,Não,Falta De Informação,Reforma/Pensionista,Digitalização,84.27
769,2024-04-18,Direcção De Serviços Financeiros,Email,64.70,76.78,91,3.5,287,Portal,23.03,13,Sim,Processo Complicado,Cidadão,Ambiente,59.39
770,2024-05-05,Departamento De Inovação E Digitalização,Serviços Digitais,81.03,87.03,51,4.0,302,Aplicacao_Movel,8.95,4,Sim,Falta De Informação,Estudante,Inovação,78.39
771,2024-05-22,Direcção De Recursos Humanos,Telefone,87.04,89.89,42,4.3,415,Telefone,6.84,6,Sim,Muito Satisfeito,Funcionário Público,Educação,84.06
772,2024-06-08,Departamento De Planeamento Estratégico,Chatbot,82.68,83.44,66,4.0,303,Email,14.36,7,Sim,Falta De Informação,Empresa,Saúde,75.87
773,2024-06-25,Serviços De Educação,Atendimento Presencial,65.07,73.07,101,3.5,204,Presencial,19.74,10,Não,Precisa Melhorias,Utilizador Vulnerável,Social,59.22
774,2024-07-12,Gabinete De Atendimento Ao Cidadão,Portal Online,73.39,77.93,89,3.8,236,Chatbot,19.93,9,Sim,Processo Complicado,Reforma/Pensionista,Cultura,64.83
775,2024-07-29,Serviços De Ti,Balcão Único,79.87,86.60,49,4.1,331,Portal,8.31,7,Sim,Muito Satisfeito,Cidadão,Mobilidade,78.58
776,2024-08-15,Departamento De Saúde Pública,Email,73.97,78.22,79,3.5,321,Aplicacao_Movel,17.58,9,Não,Falta De Informação,Estudante,Habitação,68.71
777,2024-09-12,Direcção De Serviços Financeiros,Serviços Digitais,65.90,77.10,97,3.3,209,Telefone,21.96,14,Não,Sistema Lento,Funcionário Público,Digitalização,57.49
778,2024-09-29,Departamento De Inovação E Digitalização,Telefone,91.05,91.64,39,4.3,316,Email,9.33,3,Sim,Falta De Informação,Empresa,Ambiente,84.48
779,2024-10-16,Direcção De Recursos Humanos,Chatbot,97.76,96.32,19,4.6,343,Presencial,1.43,1,Sim,Serviço Eficiente,Utilizador Vulnerável,Inovação,91.94
780,2024-11-02,Departamento De Planeamento Estratégico,Atendimento Presencial,82.96,84.15,43,4.0,261,Chatbot,8.95,7,Sim,Falta De Informação,Reforma/Pensionista,Educação,81.04
781,2024-11-19,Serviços De Educação,Portal Online,79.44,85.97,60,4.2,311,Portal,16.40,7,Sim,Muito Satisfeito,Cidadão,Saúde,72.84
782,2024-12-06,Gabinete De Atendimento Ao Cidadão,Balcão Único,85.23,85.50,44,4.0,260,Aplicacao_Movel,11.07,7,Sim,Falta De Informação,Estudante,Social,78.77
783,2024-12-23,Serviços De Ti,Email,71.14,78.96,67,3.9,312,Telefone,18.00,9,Não,Precisa Melhorias,Funcionário Público,Cultura,68.58
784,2024-01-09,Departamento De Saúde Pública,Serviços Digitais,91.74,90.56,33,4.8,448,Email,6.44,3,Sim,Serviço Eficiente,Empresa,Mobilidade,87.99
785,2024-01-26,Direcção De Serviços Financeiros,Telefone,82.82,87.41,60,4.2,401,Presencial,11.42,6,Sim,Muito Satisfeito,Utilizador Vulnerável,Habitação,75.31
786,2024-02-23,Departamento De Inovação E Digitalização,Chatbot,83.23,86.27,54,4.3,355,Chatbot,13.10,7,Não,Falta De Informação,Reforma/Pensionista,Digitalização,78.41
787,2024-03-11,Direcção De Recursos Humanos,Atendimento Presencial,86.86,84.07,43,4.4,228,Portal,11.90,7,Sim,Muito Satisfeito,Cidadão,Ambiente,78.37
788,2024-03-28,Departamento De Planeamento Estratégico,Portal Online,80.46,86.18,52,4.4,301,Aplicacao_Movel,10.00,8,Sim,Falta De Informação,Estudante,Inovação,78.39
789,2024-04-14,Serviços De Educação,Balcão Único,83.99,89.31,41,4.1,277,Telefone,7.00,4,Sim,Muito Satisfeito,Funcionário Público,Educação,83.29
790,2024-05-01,Gabinete De Atendimento Ao Cidadão,Email,87.00,90.03,25,4.6,332,Email,7.29,4,Sim,Resposta Rápida E Eficaz,Empresa,Saúde,86.13
791,2024-05-18,Serviços De Ti,Serviços Digitais,89.18,88.10,32,4.5,376,Presencial,4.36,2,Sim,Muito Satisfeito,Utilizador Vulnerável,Social,86.56
792,2024-06-04,Departamento De Saúde Pública,Telefone,84.34,86.84,43,4.2,307,Chatbot,8.48,5,Sim,Falta De Informação,Reforma/Pensionista,Cultura,78.30
793,2024-06-21,Direcção De Serviços Financeiros,Chatbot,74.63,82.34,76,3.8,204,Portal,16.21,8,Sim,Muito Satisfeito,Cidadão,Mobilidade,70.97
794,2024-07-08,Departamento De Inovação E Digitalização,Atendimento Presencial,72.84,82.72,67,3.7,280,Aplicacao_Movel,17.89,8,Não,Processo Complicado,Estudante,Habitação,69.10
795,2024-08-05,Direcção De Recursos Humanos,Portal Online,82.85,85.61,58,3.9,369,Telefone,12.29,6,Não,Muito Satisfeito,Funcionário Público,Digitalização,74.36
796,2024-08-22,Departamento De Planeamento Estratégico,Balcão Único,81.34,81.71,63,3.9,384,Email,10.84,7,Sim,Falta De Informação,Empresa,Ambiente,75.62
797,2024-09-08,Serviços De Educação,Email,69.58,80.92,73,3.6,343,Presencial,18.14,10,Sim,Sistema Lento,Utilizador Vulnerável,Inovação,66.38
798,2024-09-25,Gabinete De Atendimento Ao Cidadão,Serviços Digitais,84.25,91.29,44,4.6,386,Chatbot,9.20,3,Sim,Falta De Informação,Reforma/Pensionista,Educação,83.68
799,2024-10-12,Serviços De Ti,Telefone,83.56,85.18,57,4.2,406,Portal,11.11,6,Sim,Muito Satisfeito,Cidadão,Saúde,78.05
800,2024-10-29,Departamento De Saúde Pública,Chatbot,85.17,85.55,47,4.5,322,Aplicacao_Movel,12.25,5,Sim,Falta De Informação,Estudante,Social,79.83
801,2024-11-15,Direcção De Serviços Financeiros,Atendimento Presencial,74.80,79.17,64,4.0,362,Telefone,14.21,7,Não,Falta De Informação,Funcionário Público,Cultura,69.62
802,2024-12-02,Departamento De Inovação E Digitalização,Portal Online,91.15,91.61,44,4.6,396,Email,8.04,5,Sim,Falta De Informação,Empresa,Mobilidade,83.55
803,2024-12-19,Direcção De Recursos Humanos,Balcão Único,89.53,85.00,50,4.1,375,Presencial,6.56,6,Sim,Muito Satisfeito,Utilizador Vulnerável,Habitação,81.55
804,2024-01-16,Departamento De Planeamento Estratégico,Email,85.26,83.85,44,4.1,347,Chatbot,12.07,5,Não,Falta De Informação,Reforma/Pensionista,Digitalização,79.50
805,2024-02-02,Serviços De Educação,Serviços Digitais,77.98,80.03,73,3.7,229,Portal,13.91,8,Sim,Muito Satisfeito,Cidadão,Ambiente,72.29
806,2024-02-19,Gabinete De Atendimento Ao Cidadão,Telefone,80.40,85.96,65,3.9,361,Aplicacao_Movel,11.27,7,Sim,Falta De Informação,Estudante,Inovação,73.29
807,2024-03-07,Serviços De Ti,Chatbot,74.32,84.61,64,4.1,295,Telefone,12.47,8,Sim,Muito Satisfeito,Funcionário Público,Educação,71.57
808,2024-03-24,Departamento De Saúde Pública,Atendimento Presencial,70.43,76.59,104,3.3,252,Email,21.71,11,Não,Precisa Melhorias,Empresa,Saúde,58.40
809,2024-04-10,Direcção De Serviços Financeiros,Portal Online,89.22,89.09,44,4.4,440,Presencial,9.72,6,Sim,Muito Satisfeito,Utilizador Vulnerável,Social,83.76
810,2024-04-27,Departamento De Inovação E Digitalização,Balcão Único,75.55,81.96,58,4.0,365,Chatbot,12.72,9,Sim,Falta De Informação,Reforma/Pensionista,Cultura,72.63
811,2024-05-14,Direcção De Recursos Humanos,Email,76.12,80.38,80,3.4,233,Portal,18.10,8,Sim,Falta De Informação,Cidadão,Mobilidade,67.16
812,2024-05-31,Departamento De Planeamento Estratégico,Serviços Digitais,83.38,88.95,50,4.2,325,Aplicacao_Movel,12.51,4,Sim,Falta De Informação,Estudante,Habitação,80.43
813,2024-06-28,Serviços De Educação,Telefone,89.74,89.23,42,4.3,319,Telefone,10.12,4,Não,Muito Satisfeito,Funcionário Público,Digitalização,84.39
814,2024-07-15,Gabinete De Atendimento Ao Cidadão,Chatbot,74.18,81.49,59,4.0,319,Email,16.49,9,Sim,Falta De Informação,Empresa,Ambiente,71.91
815,2024-08-01,Serviços De Ti,Atendimento Presencial,71.98,73.48,101,3.2,345,Presencial,21.23,12,Sim,Tempo De Espera Elevado,Utilizador Vulnerável,Inovação,61.22
816,2024-08-18,Departamento De Saúde Pública,Portal Online,87.06,86.37,46,4.6,339,Chatbot,8.78,4,Sim,Falta De Informação,Reforma/Pensionista,Educação,83.90
817,2024-09-04,Direcção De Serviços Financeiros,Balcão Único,95.13,96.46,15,5.0,468,Portal,2.01,3,Sim,Excelente Atendimento,Cidadão,Saúde,94.25
818,2024-09-21,Departamento De Inovação E Digitalização,Email,89.28,89.97,29,4.7,445,Aplicacao_Movel,7.41,2,Sim,Bom Serviço,Estudante,Social,87.83
819,2024-10-08,Direcção De Recursos Humanos,Serviços Digitais,89.31,87.86,42,4.3,360,Telefone,7.78,6,Sim,Muito Satisfeito,Funcionário Público,Cultura,84.53
820,2024-10-25,Departamento De Planeamento Estratégico,Telefone,76.82,84.11,58,4.1,274,Email,10.82,8,Sim,Falta De Informação,Empresa,Mobilidade,75.87
821,2024-11-11,Serviços De Educação,Chatbot,71.63,73.10,101,3.5,175,Presencial,19.36,12,Sim,Falta De Informação,Utilizador Vulnerável,Habitação,60.69
822,2024-12-09,Gabinete De Atendimento Ao Cidadão,Atendimento Presencial,84.04,87.12,52,4.2,430,Chatbot,9.37,7,Não,Falta De Informação,Reforma/Pensionista,Digitalização,80.84
823,2024-12-26,Serviços De Ti,Portal Online,83.80,84.02,60,4.2,339,Portal,9.17,6,Sim,Muito Satisfeito,Cidadão,Ambiente,77.56
824,2024-01-12,Departamento De Saúde Pública,Balcão Único,84.25,84.02,58,4.3,361,Aplicacao_Movel,12.06,5,Sim,Falta De Informação,Estudante,Inovação,78.95
825,2024-01-29,Direcção De Serviços Financeiros,Email,86.93,90.99,39,4.5,303,Telefone,9.49,6,Sim,Muito Satisfeito,Funcionário Público,Educação,83.88
826,2024-02-15,Departamento De Inovação E Digitalização,Serviços Digitais,77.55,84.27,70,3.7,313,Email,14.53,8,Sim,Falta De Informação,Empresa,Saúde,73.69
827,2024-03-03,Direcção De Recursos Humanos,Telefone,79.59,86.63,55,3.9,289,Presencial,11.18,6,Sim,Muito Satisfeito,Utilizador Vulnerável,Social,77.09
828,2024-03-20,Departamento De Planeamento Estratégico,Chatbot,90.27,94.66,17,4.4,325,Chatbot,3.83,3,Sim,Bom Serviço,Reforma/Pensionista,Cultura,91.72
829,2024-04-06,Serviços De Educação,Atendimento Presencial,80.26,85.58,62,4.2,280,Portal,12.04,8,Sim,Muito Satisfeito,Cidadão,Mobilidade,74.59
830,2024-04-23,Gabinete De Atendimento Ao Cidadão,Portal Online,94.66,91.06,12,4.8,414,Aplicacao_Movel,4.70,1,Sim,Resposta Rápida E Eficaz,Estudante,Habitação,92.88
831,2024-05-21,Serviços De Ti,Balcão Único,94.86,94.27,16,4.5,379,Telefone,3.21,3,Não,Muito Satisfeito,Funcionário Público,Digitalização,90.78
832,2024-06-07,Departamento De Saúde Pública,Email,69.02,74.93,81,3.4,339,Email,16.95,10,Não,Sistema Lento,Empresa,Ambiente,63.41
833,2024-06-24,Direcção De Serviços Financeiros,Serviços Digitais,91.53,92.44,16,4.6,318,Presencial,4.20,1,Sim,Bom Serviço,Utilizador Vulnerável,Inovação,93.83
834,2024-07-11,Departamento De Inovação E Digitalização,Telefone,83.66,90.66,41,4.3,424,Chatbot,9.78,6,Sim,Falta De Informação,Reforma/Pensionista,Educação,81.52
835,2024-07-28,Direcção De Recursos Humanos,Chatbot,75.99,83.05,65,3.8,402,Portal,14.44,8,Sim,Muito Satisfeito,Cidadão,Saúde,73.85
836,2024-08-14,Departamento De Planeamento Estratégico,Atendimento Presencial,78.58,84.81,58,3.9,310,Aplicacao_Movel,10.48,5,Sim,Falta De Informação,Estudante,Social,75.50
837,2024-08-31,Serviços De Educação,Portal Online,88.03,88.93,32,4.3,413,Telefone,7.89,4,Sim,Excelente Atendimento,Funcionário Público,Cultura,87.60
838,2024-09-17,Gabinete De Atendimento Ao Cidadão,Balcão Único,97.36,94.72,19,4.9,337,Email,4.32,3,Sim,Bom Serviço,Empresa,Mobilidade,92.87
839,2024-10-04,Serviços De Ti,Email,94.50,90.12,17,4.6,335,Presencial,6.48,4,Sim,Serviço Eficiente,Utilizador Vulnerável,Habitação,90.26
840,2024-11-01,Departamento De Saúde Pública,Serviços Digitais,78.94,80.94,69,3.6,337,Chatbot,16.28,6,Não,Falta De Informação,Reforma/Pensionista,Digitalização,72.21
841,2024-11-18,Direcção De Serviços Financeiros,Telefone,73.29,82.94,75,3.7,366,Portal,14.66,10,Sim,Falta De Informação,Cidadão,Ambiente,68.06
842,2024-12-05,Departamento De Inovação E Digitalização,Chatbot,82.09,86.86,51,4.2,277,Aplicacao_Movel,10.22,6,Sim,Falta De Informação,Estudante,Inovação,75.07
843,2024-12-22,Direcção De Recursos Humanos,Atendimento Presencial,78.38,86.84,68,3.9,380,Telefone,14.82,6,Sim,Muito Satisfeito,Funcionário Público,Educação,74.89
844,2024-01-08,Departamento De Planeamento Estratégico,Portal Online,80.96,87.07,60,3.8,372,Email,14.57,6,Sim,Falta De Informação,Empresa,Saúde,75.75
845,2024-01-25,Serviços De Educação,Balcão Único,96.89,95.49,14,4.9,358,Presencial,4.99,2,Sim,Resposta Rápida E Eficaz,Utilizador Vulnerável,Social,93.69
846,2024-02-11,Gabinete De Atendimento Ao Cidadão,Email,91.02,94.81,21,4.6,425,Chatbot,2.49,4,Sim,Muito Satisfeito,Reforma/Pensionista,Cultura,92.12
847,2024-02-28,Serviços De Ti,Serviços Digitais,95.49,94.02,12,4.7,336,Portal,4.02,3,Sim,Excelente Atendimento,Cidadão,Mobilidade,94.23
848,2024-03-16,Departamento De Saúde Pública,Telefone,88.60,84.64,40,4.5,406,Aplicacao_Movel,6.79,4,Sim,Falta De Informação,Estudante,Habitação,81.60
849,2024-04-13,Direcção De Serviços Financeiros,Chatbot,86.88,87.55,30,4.2,305,Telefone,7.32,4,Não,Serviço Eficiente,Funcionário Público,Digitalização,86.98
850,2024-04-30,Departamento De Inovação E Digitalização,Atendimento Presencial,83.29,84.14,42,4.1,309,Email,9.80,5,Sim,Falta De Informação,Empresa,Ambiente,79.38
851,2024-05-17,Direcção De Recursos Humanos,Portal Online,75.35,81.90,71,3.8,336,Presencial,15.83,9,Sim,Muito Satisfeito,Utilizador Vulnerável,Inovação,73.87
852,2024-06-03,Departamento De Planeamento Estratégico,Balcão Único,82.46,89.66,44,4.2,256,Chatbot,8.51,6,Sim,Falta De Informação,Reforma/Pensionista,Educação,81.31
853,2024-06-20,Serviços De Educação,Email,87.91,85.92,44,4.5,365,Portal,9.37,6,Sim,Muito Satisfeito,Cidadão,Saúde,80.77
854,2024-07-07,Gabinete De Atendimento Ao Cidadão,Serviços Digitais,87.41,92.46,30,4.5,293,Aplicacao_Movel,4.79,4,Sim,Serviço Eficiente,Estudante,Social,85.57
855,2024-07-24,Serviços De Ti,Telefone,82.77,85.61,57,4.1,387,Telefone,14.81,8,Sim,Muito Satisfeito,Funcionário Público,Cultura,75.51
856,2024-08-10,Departamento De Saúde Pública,Chatbot,94.69,95.42,17,4.8,271,Email,2.88,1,Sim,Muito Satisfeito,Empresa,Mobilidade,92.59
857,2024-08-27,Direcção De Serviços Financeiros,Atendimento Presencial,88.01,85.73,49,4.0,247,Presencial,9.00,5,Sim,Muito Satisfeito,Utilizador Vulnerável,Habitação,81.80
858,2024-09-24,Departamento De Inovação E Digitalização,Portal Online,82.82,82.64,62,4.0,355,Chatbot,9.22,6,Não,Falta De Informação,Reforma/Pensionista,Digitalização,77.64
859,2024-10-11,Direcção De Recursos Humanos,Balcão Único,77.02,83.11,60,3.8,393,Portal,10.03,8,Sim,Muito Satisfeito,Cidadão,Ambiente,74.84
860,2024-10-28,Departamento De Planeamento Estratégico,Email,86.15,90.35,26,4.4,336,Aplicacao_Movel,6.93,4,Sim,Resposta Rápida E Eficaz,Estudante,Inovação,87.29
861,2024-11-14,Serviços De Educação,Serviços Digitais,75.96,77.76,73,3.7,187,Telefone,18.94,10,Não,Falta De Informação,Funcionário Público,Educação,67.37
862,2024-12-01,Gabinete De Atendimento Ao Cidadão,Telefone,82.98,88.58,39,4.3,305,Email,10.61,6,Sim,Falta De Informação,Empresa,Saúde,81.09
863,2024-12-18,Serviços De Ti,Chatbot,89.87,88.68,45,4.5,245,Presencial,5.57,4,Sim,Muito Satisfeito,Utilizador Vulnerável,Social,84.67
864,2024-01-04,Departamento De Saúde Pública,Atendimento Presencial,84.80,88.60,42,4.4,307,Chatbot,5.70,2,Sim,Serviço Eficiente,Reforma/Pensionista,Cultura,85.78
865,2024-01-21,Direcção De Serviços Financeiros,Portal Online,96.69,96.68,16,4.8,363,Portal,4.41,2,Sim,Resposta Rápida E Eficaz,Cidadão,Mobilidade,96.61
866,2024-02-07,Departamento De Inovação E Digitalização,Balcão Único,84.47,89.13,44,4.5,284,Aplicacao_Movel,11.87,4,Sim,Falta De Informação,Estudante,Habitação,80.49
867,2024-03-06,Direcção De Recursos Humanos,Email,84.92,85.56,54,4.1,356,Telefone,8.66,5,Não,Muito Satisfeito,Funcionário Público,Digitalização,80.39
868,2024-03-23,Departamento De Planeamento Estratégico,Serviços Digitais,81.24,84.47,53,4.5,351,Email,7.26,4,Sim,Falta De Informação,Empresa,Ambiente,80.63
869,2024-04-09,Serviços De Educação,Telefone,91.67,93.29,32,4.7,450,Presencial,7.73,4,Sim,Serviço Eficiente,Utilizador Vulnerável,Inovação,86.25
870,2024-04-26,Gabinete De Atendimento Ao Cidadão,Chatbot,96.75,95.46,9,4.7,422,Chatbot,2.10,3,Sim,Resposta Rápida E Eficaz,Reforma/Pensionista,Educação,93.68
871,2024-05-13,Serviços De Ti,Atendimento Presencial,81.20,86.43,46,4.0,339,Portal,10.56,7,Sim,Muito Satisfeito,Cidadão,Saúde,81.00
872,2024-05-30,Departamento De Saúde Pública,Portal Online,77.68,85.29,66,4.2,371,Aplicacao_Movel,9.87,7,Sim,Falta De Informação,Estudante,Social,75.80
873,2024-06-16,Direcção De Serviços Financeiros,Balcão Único,82.83,86.05,52,4.4,320,Telefone,9.02,4,Sim,Muito Satisfeito,Funcionário Público,Cultura,79.77
874,2024-07-03,Departamento De Inovação E Digitalização,Email,79.67,86.16,56,4.0,292,Email,10.04,7,Sim,Falta De Informação,Empresa,Mobilidade,76.73
875,2024-07-20,Direcção De Recursos Humanos,Serviços Digitais,78.55,86.40,48,3.8,367,Presencial,10.22,6,Sim,Muito Satisfeito,Utilizador Vulnerável,Habitação,77.05
876,2024-08-17,Departamento De Planeamento Estratégico,Telefone,84.56,87.29,40,4.2,395,Chatbot,5.66,6,Não,Falta De Informação,Reforma/Pensionista,Digitalização,83.71
877,2024-09-03,Serviços De Educação,Chatbot,78.43,83.28,67,3.9,256,Portal,16.81,10,Sim,Sistema Lento,Cidadão,Ambiente,68.47
878,2024-09-20,Gabinete De Atendimento Ao Cidadão,Atendimento Presencial,86.95,85.49,42,4.1,425,Aplicacao_Movel,8.03,6,Sim,Falta De Informação,Estudante,Inovação,79.83
879,2024-10-07,Serviços De Ti,Portal Online,80.34,87.90,60,4.0,291,Telefone,9.28,6,Sim,Muito Satisfeito,Funcionário Público,Educação,76.41
880,2024-10-24,Departamento De Saúde Pública,Balcão Único,77.37,81.95,75,3.8,233,Email,17.06,8,Sim,Tempo De Espera Elevado,Empresa,Saúde,69.76
881,2024-11-10,Direcção De Serviços Financeiros,Email,94.79,93.21,27,4.7,289,Presencial,3.76,2,Sim,Muito Satisfeito,Utilizador Vulnerável,Social,91.02
882,2024-11-27,Departamento De Inovação E Digitalização,Serviços Digitais,80.36,80.81,71,3.9,329,Chatbot,12.75,6,Sim,Falta De Informação,Reforma/Pensionista,Cultura,72.68
883,2024-12-14,Direcção De Recursos Humanos,Telefone,85.83,86.73,34,4.5,394,Portal,7.53,2,Sim,Bom Serviço,Cidadão,Mobilidade,85.15
884,2024-12-31,Departamento De Planeamento Estratégico,Chatbot,92.57,90.17,15,4.5,320,Aplicacao_Movel,2.86,3,Sim,Serviço Eficiente,Estudante,Habitação,90.57
885,2024-01-28,Serviços De Educação,Atendimento Presencial,87.48,90.27,38,4.2,397,Telefone,6.44,4,Não,Muito Satisfeito,Funcionário Público,Digitalização,81.87
886,2024-02-14,Gabinete De Atendimento Ao Cidadão,Portal Online,74.76,82.08,84,3.5,195,Email,14.86,10,Sim,Falta De Informação,Empresa,Ambiente,67.81
887,2024-03-02,Serviços De Ti,Balcão Único,88.73,91.09,24,4.8,287,Presencial,5.55,4,Sim,Excelente Atendimento,Utilizador Vulnerável,Inovação,90.52
888,2024-03-19,Departamento De Saúde Pública,Email,80.22,83.02,50,4.1,226,Chatbot,11.70,6,Sim,Falta De Informação,Reforma/Pensionista,Educação,77.75
889,2024-04-05,Direcção De Serviços Financeiros,Serviços Digitais,88.30,91.77,38,4.6,357,Portal,4.82,5,Sim,Serviço Eficiente,Cidadão,Saúde,86.13
890,2024-04-22,Departamento De Inovação E Digitalização,Telefone,79.12,81.26,72,3.9,351,Aplicacao_Movel,16.57,9,Sim,Tempo De Espera Elevado,Estudante,Social,69.57
891,2024-05-09,Direcção De Recursos Humanos,Chatbot,90.41,92.55,27,4.2,422,Telefone,5.02,3,Sim,Muito Satisfeito,Funcionário Público,Cultura,87.54
892,2024-05-26,Departamento De Planeamento Estratégico,Atendimento Presencial,89.67,89.38,45,4.5,353,Email,10.45,4,Sim,Falta De Informação,Empresa,Mobilidade,84.14
893,2024-06-12,Serviços De Educação,Portal Online,74.64,78.80,60,4.0,242,Presencial,15.56,6,Sim,Muito Satisfeito,Utilizador Vulnerável,Habitação,71.15
894,2024-07-10,Gabinete De Atendimento Ao Cidadão,Balcão Único,78.02,82.96,63,4.1,268,Chatbot,13.84,10,Não,Falta De Informação,Reforma/Pensionista,Digitalização,71.39
895,2024-07-27,Serviços De Ti,Email,87.83,90.64,36,4.1,367,Portal,6.42,4,Sim,Muito Satisfeito,Cidadão,Ambiente,82.40
896,2024-08-13,Departamento De Saúde Pública,Serviços Digitais,93.85,94.73,20,4.5,428,Aplicacao_Movel,3.17,4,Sim,Muito Satisfeito,Estudante,Inovação,91.22
897,2024-08-30,Direcção De Serviços Financeiros,Telefone,80.41,87.36,49,4.2,380,Telefone,10.67,4,Sim,Muito Satisfeito,Funcionário Público,Educação,77.93
898,2024-09-16,Departamento De Inovação E Digitalização,Chatbot,92.19,89.78,33,4.2,320,Email,5.01,5,Sim,Falta De Informação,Empresa,Saúde,84.93
899,2024-10-03,Direcção De Recursos Humanos,Atendimento Presencial,83.48,86.62,45,4.4,313,Presencial,7.88,5,Sim,Muito Satisfeito,Utilizador Vulnerável,Social,79.46
900,2024-10-20,Departamento De Planeamento Estratégico,Portal Online,85.55,90.26,36,4.3,360,Chatbot,8.21,6,Sim,Falta De Informação,Reforma/Pensionista,Cultura,81.97
901,2024-11-06,Serviços De Educação,Balcão Único,92.05,92.72,30,4.9,263,Portal,6.48,4,Sim,Muito Satisfeito,Cidadão,Mobilidade,90.13
902,2024-11-23,Gabinete De Atendimento Ao Cidadão,Email,87.47,91.33,28,4.4,303,Aplicacao_Movel,6.40,4,Sim,Excelente Atendimento,Estudante,Habitação,85.62
903,2024-12-21,Serviços De Ti,Serviços Digitais,80.57,84.66,62,4.0,216,Telefone,12.42,6,Não,Muito Satisfeito,Funcionário Público,Digitalização,77.62
904,2024-01-07,Departamento De Saúde Pública,Telefone,75.79,79.34,85,3.7,320,Email,17.99,9,Sim,Processo Complicado,Empresa,Ambiente,65.94
905,2024-01-24,Direcção De Serviços Financeiros,Chatbot,80.82,85.95,54,3.9,396,Presencial,12.37,7,Sim,Muito Satisfeito,Utilizador Vulnerável,Inovação,76.48
906,2024-02-10,Departamento De Inovação E Digitalização,Atendimento Presencial,88.25,90.27,36,4.7,342,Chatbot,6.52,3,Sim,Muito Satisfeito,Reforma/Pensionista,Educação,86.50
907,2024-02-27,Direcção De Recursos Humanos,Portal Online,88.73,94.86,19,4.6,279,Portal,7.52,3,Sim,Excelente Atendimento,Cidadão,Saúde,89.60
908,2024-03-15,Departamento De Planeamento Estratégico,Balcão Único,81.42,86.38,52,3.9,309,Aplicacao_Movel,10.88,8,Sim,Falta De Informação,Estudante,Social,77.75
909,2024-04-01,Serviços De Educação,Email,90.27,93.04,37,4.4,303,Telefone,6.16,3,Sim,Serviço Eficiente,Funcionário Público,Cultura,86.05
910,2024-04-18,Gabinete De Atendimento Ao Cidadão,Serviços Digitais,80.65,83.87,59,3.9,271,Email,15.21,7,Sim,Falta De Informação,Empresa,Mobilidade,75.13
911,2024-05-05,Serviços De Ti,Telefone,93.22,90.33,26,4.5,365,Presencial,4.87,3,Sim,Muito Satisfeito,Utilizador Vulnerável,Habitação,92.15
912,2024-06-02,Departamento De Saúde Pública,Chatbot,82.67,89.27,37,4.5,392,Chatbot,6.62,4,Não,Falta De Informação,Reforma/Pensionista,Digitalização,83.42
913,2024-06-19,Direcção De Serviços Financeiros,Atendimento Presencial,88.78,87.81,41,4.1,318,Portal,9.03,6,Sim,Muito Satisfeito,Cidadão,Ambiente,83.12
914,2024-07-06,Departamento De Inovação E Digitalização,Portal Online,76.48,80.34,79,3.5,385,Aplicacao_Movel,17.53,8,Sim,Processo Complicado,Estudante,Inovação,68.75
915,2024-07-23,Direcção De Recursos Humanos,Balcão Único,85.53,84.62,49,4.1,286,Telefone,12.94,8,Sim,Muito Satisfeito,Funcionário Público,Educação,77.74
916,2024-08-09,Departamento De Planeamento Estratégico,Email,81.13,82.27,47,3.9,339,Email,13.82,8,Sim,Falta De Informação,Empresa,Saúde,77.22
917,2024-08-26,Serviços De Educação,Serviços Digitais,88.36,91.13,35,4.4,244,Presencial,4.96,4,Sim,Excelente Atendimento,Utilizador Vulnerável,Social,85.34
918,2024-09-12,Gabinete De Atendimento Ao Cidadão,Telefone,94.32,96.38,27,4.6,325,Chatbot,5.15,3,Sim,Bom Serviço,Reforma/Pensionista,Cultura,91.97
919,2024-09-29,Serviços De Ti,Chatbot,75.42,81.32,78,3.9,328,Portal,17.20,9,Sim,Processo Complicado,Cidadão,Mobilidade,65.43
920,2024-10-16,Departamento De Saúde Pública,Atendimento Presencial,85.26,85.50,49,4.3,363,Aplicacao_Movel,9.47,7,Sim,Falta De Informação,Estudante,Habitação,77.87
921,2024-11-13,Direcção De Serviços Financeiros,Portal Online,90.98,93.89,13,4.5,383,Telefone,2.73,4,Não,Muito Satisfeito,Funcionário Público,Digitalização,90.91
922,2024-11-30,Departamento De Inovação E Digitalização,Balcão Único,75.90,81.33,77,3.6,333,Email,14.92,10,Não,Sistema Lento,Empresa,Ambiente,67.70
923,2024-12-17,Direcção De Recursos Humanos,Email,87.57,85.19,32,4.1,319,Presencial,10.53,4,Sim,Muito Satisfeito,Utilizador Vulnerável,Inovação,83.03
924,2024-01-03,Departamento De Planeamento Estratégico,Serviços Digitais,88.28,91.80,31,4.2,319,Chatbot,9.58,6,Sim,Falta De Informação,Reforma/Pensionista,Educação,84.52
925,2024-01-20,Serviços De Educação,Telefone,75.37,77.94,79,3.5,182,Portal,17.34,10,Sim,Tempo De Espera Elevado,Cidadão,Saúde,65.98
926,2024-02-06,Gabinete De Atendimento Ao Cidadão,Chatbot,68.68,74.75,89,3.4,201,Aplicacao_Movel,20.45,9,Não,Falta De Informação,Estudante,Social,60.72
927,2024-02-23,Serviços De Ti,Atendimento Presencial,99.16,97.72,13,5.0,418,Telefone,0.23,0,Sim,Excelente Atendimento,Funcionário Público,Cultura,97.40
928,2024-03-11,Departamento De Saúde Pública,Portal Online,88.08,94.24,25,4.6,446,Email,3.91,2,Sim,Bom Serviço,Empresa,Mobilidade,88.45
929,2024-03-28,Direcção De Serviços Financeiros,Balcão Único,79.17,79.86,73,3.6,331,Presencial,13.58,10,Sim,Processo Complicado,Utilizador Vulnerável,Habitação,68.58
930,2024-04-25,Departamento De Inovação E Digitalização,Email,72.97,81.97,69,3.7,215,Chatbot,16.15,10,Não,Tempo De Espera Elevado,Reforma/Pensionista,Digitalização,67.92
931,2024-05-12,Direcção De Recursos Humanos,Serviços Digitais,89.26,94.44,28,4.5,446,Portal,7.38,3,Sim,Muito Satisfeito,Cidadão,Ambiente,89.76
932,2024-05-29,Departamento De Planeamento Estratégico,Telefone,85.46,89.59,45,4.2,362,Aplicacao_Movel,10.16,5,Sim,Falta De Informação,Estudante,Inovação,83.84
933,2024-06-15,Serviços De Educação,Chatbot,85.62,89.00,51,4.1,235,Telefone,7.37,4,Sim,Muito Satisfeito,Funcionário Público,Educação,80.11
934,2024-07-02,Gabinete De Atendimento Ao Cidadão,Atendimento Presencial,83.56,87.01,58,4.3,403,Email,14.83,8,Sim,Falta De Informação,Empresa,Saúde,76.02
935,2024-07-19,Serviços De Ti,Portal Online,76.95,78.50,76,3.5,389,Presencial,15.09,9,Sim,Tempo De Espera Elevado,Utilizador Vulnerável,Social,69.57
936,2024-08-05,Departamento De Saúde Pública,Balcão Único,74.45,79.97,68,3.7,240,Chatbot,14.79,9,Sim,Falta De Informação,Reforma/Pensionista,Cultura,69.47
937,2024-08-22,Direcção De Serviços Financeiros,Email,85.99,88.05,53,4.3,312,Portal,12.52,7,Sim,Muito Satisfeito,Cidadão,Mobilidade,79.78
938,2024-09-08,Departamento De Inovação E Digitalização,Serviços Digitais,70.38,74.89,103,3.4,281,Aplicacao_Movel,21.37,12,Não,Precisa Melhorias,Estudante,Habitação,57.91
939,2024-10-06,Direcção De Recursos Humanos,Telefone,85.32,88.66,46,4.6,353,Telefone,9.81,6,Não,Muito Satisfeito,Funcionário Público,Digitalização,84.57
940,2024-10-23,Departamento De Planeamento Estratégico,Chatbot,76.30,83.81,63,3.6,211,Email,14.16,8,Sim,Falta De Informação,Empresa,Ambiente,70.55
941,2024-11-09,Serviços De Educação,Atendimento Presencial,79.20,81.69,64,4.0,384,Presencial,14.09,8,Sim,Muito Satisfeito,Utilizador Vulnerável,Inovação,72.68
942,2024-11-26,Gabinete De Atendimento Ao Cidadão,Portal Online,78.13,84.59,50,4.2,393,Chatbot,12.90,8,Sim,Falta De Informação,Reforma/Pensionista,Educação,76.51
943,2024-12-13,Serviços De Ti,Balcão Único,70.30,72.67,104,3.5,243,Portal,18.96,10,Não,Precisa Melhorias,Cidadão,Saúde,59.87
944,2024-12-30,Departamento De Saúde Pública,Email,79.28,80.33,68,3.7,296,Aplicacao_Movel,11.39,8,Sim,Falta De Informação,Estudante,Social,72.59
945,2024-01-16,Direcção De Serviços Financeiros,Serviços Digitais,82.60,81.99,53,4.1,255,Telefone,12.77,7,Sim,Muito Satisfeito,Funcionário Público,Cultura,75.20
946,2024-02-02,Departamento De Inovação E Digitalização,Telefone,71.19,79.69,86,3.7,195,Email,18.63,11,Sim,Falta De Informação,Empresa,Mobilidade,66.49
947,2024-02-19,Direcção De Recursos Humanos,Chatbot,87.35,91.36,41,4.2,365,Presencial,6.53,5,Sim,Excelente Atendimento,Utilizador Vulnerável,Habitação,85.62
948,2024-03-18,Departamento De Planeamento Estratégico,Atendimento Presencial,87.51,89.23,39,4.5,299,Chatbot,7.89,2,Não,Bom Serviço,Reforma/Pensionista,Digitalização,85.52
949,2024-04-04,Serviços De Educação,Portal Online,88.80,88.06,25,4.7,329,Portal,7.96,3,Sim,Serviço Eficiente,Cidadão,Ambiente,86.75
950,2024-04-21,Gabinete De Atendimento Ao Cidadão,Balcão Único,96.69,91.19,26,4.5,394,Aplicacao_Movel,2.66,2,Sim,Resposta Rápida E Eficaz,Estudante,Inovação,90.74
951,2024-05-08,Serviços De Ti,Email,67.94,75.43,88,3.4,250,Telefone,17.15,10,Sim,Falta De Informação,Funcionário Público,Educação,62.60
952,2024-05-25,Departamento De Saúde Pública,Serviços Digitais,73.97,78.36,86,3.5,216,Email,18.86,9,Sim,Sistema Lento,Empresa,Saúde,67.52
953,2024-06-11,Direcção De Serviços Financeiros,Telefone,92.87,93.27,21,4.5,295,Presencial,4.71,3,Sim,Bom Serviço,Utilizador Vulnerável,Social,90.54
954,2024-06-28,Departamento De Inovação E Digitalização,Chatbot,80.89,82.31,56,3.9,376,Chatbot,15.73,6,Sim,Falta De Informação,Reforma/Pensionista,Cultura,74.19
955,2024-07-15,Direcção De Recursos Humanos,Atendimento Presencial,85.96,86.99,48,4.2,436,Portal,10.91,5,Sim,Muito Satisfeito,Cidadão,Mobilidade,82.25
956,2024-08-01,Departamento De Planeamento Estratégico,Portal Online,75.16,84.08,64,3.8,247,Aplicacao_Movel,17.62,10,Sim,Falta De Informação,Estudante,Habitação,69.81
957,2024-08-29,Serviços De Educação,Balcão Único,84.44,82.81,58,3.8,221,Telefone,12.15,7,Não,Muito Satisfeito,Funcionário Público,Digitalização,75.39
958,2024-09-15,Gabinete De Atendimento Ao Cidadão,Email,77.19,84.26,66,3.8,331,Email,17.51,8,Não,Falta De Informação,Empresa,Ambiente,70.53
959,2024-10-02,Serviços De Ti,Serviços Digitais,94.78,91.33,33,4.5,269,Presencial,3.28,2,Sim,Serviço Eficiente,Utilizador Vulnerável,Inovação,88.51
960,2024-10-19,Departamento De Saúde Pública,Telefone,78.38,84.62,67,4.2,340,Chatbot,15.18,7,Sim,Falta De Informação,Reforma/Pensionista,Educação,74.23
961,2024-11-05,Direcção De Serviços Financeiros,Chatbot,75.97,78.54,78,4.0,259,Portal,14.64,8,Sim,Falta De Informação,Cidadão,Saúde,69.53
962,2024-11-22,Departamento De Inovação E Digitalização,Atendimento Presencial,91.24,92.26,33,4.1,269,Aplicacao_Movel,9.79,5,Sim,Falta De Informação,Estudante,Social,85.01
963,2024-12-09,Direcção De Recursos Humanos,Portal Online,75.74,81.53,66,3.8,235,Telefone,12.79,9,Sim,Precisa Melhorias,Funcionário Público,Cultura,69.29
964,2024-12-26,Departamento De Planeamento Estratégico,Balcão Único,72.35,77.83,75,3.5,376,Email,14.78,8,Sim,Processo Complicado,Empresa,Mobilidade,69.13
965,2024-01-12,Serviços De Educação,Email,79.57,85.26,54,4.4,407,Presencial,13.12,4,Sim,Muito Satisfeito,Utilizador Vulnerável,Habitação,78.51
966,2024-02-09,Gabinete De Atendimento Ao Cidadão,Serviços Digitais,79.78,85.17,46,4.3,332,Chatbot,7.83,7,Não,Falta De Informação,Reforma/Pensionista,Digitalização,79.53
967,2024-02-26,Serviços De Ti,Telefone,66.19,73.12,98,3.2,281,Portal,24.42,11,Não,Sistema Lento,Cidadão,Ambiente,56.46
968,2024-03-14,Departamento De Saúde Pública,Chatbot,88.68,89.20,28,4.8,416,Aplicacao_Movel,6.67,4,Sim,Bom Serviço,Estudante,Inovação,88.93
969,2024-03-31,Direcção De Serviços Financeiros,Atendimento Presencial,77.69,87.50,52,3.9,278,Telefone,11.55,7,Sim,Muito Satisfeito,Funcionário Público,Educação,75.36
970,2024-04-17,Departamento De Inovação E Digitalização,Portal Online,74.60,79.84,65,3.7,211,Email,14.62,9,Sim,Falta De Informação,Empresa,Saúde,71.45
971,2024-05-04,Direcção De Recursos Humanos,Balcão Único,81.24,80.27,67,3.8,347,Presencial,14.32,7,Sim,Muito Satisfeito,Utilizador Vulnerável,Social,73.75
972,2024-05-21,Departamento De Planeamento Estratégico,Email,71.90,77.72,77,3.7,292,Chatbot,17.33,9,Sim,Sistema Lento,Reforma/Pensionista,Cultura,68.12
973,2024-06-07,Serviços De Educação,Serviços Digitais,74.72,78.09,85,3.8,324,Portal,17.75,9,Sim,Precisa Melhorias,Cidadão,Mobilidade,64.32
974,2024-06-24,Gabinete De Atendimento Ao Cidadão,Telefone,85.39,89.46,42,4.3,357,Aplicacao_Movel,7.23,3,Sim,Falta De Informação,Estudante,Habitação,83.83
975,2024-07-22,Serviços De Ti,Chatbot,87.79,90.21,32,4.2,360,Telefone,6.14,5,Não,Resposta Rápida E Eficaz,Funcionário Público,Digitalização,85.05
976,2024-08-08,Departamento De Saúde Pública,Atendimento Presencial,72.87,77.88,90,3.3,228,Email,15.67,12,Não,Falta De Informação,Empresa,Ambiente,63.44
977,2024-08-25,Direcção De Serviços Financeiros,Portal Online,81.18,83.38,58,3.8,245,Presencial,15.00,8,Sim,Muito Satisfeito,Utilizador Vulnerável,Inovação,72.26
978,2024-09-11,Departamento De Inovação E Digitalização,Balcão Único,67.72,78.38,86,3.4,225,Chatbot,19.40,10,Sim,Precisa Melhorias,Reforma/Pensionista,Educação,63.43
979,2024-09-28,Direcção De Recursos Humanos,Email,82.11,82.94,65,3.9,374,Portal,14.85,7,Sim,Muito Satisfeito,Cidadão,Saúde,73.04
980,2024-10-15,Departamento De Planeamento Estratégico,Serviços Digitais,79.84,84.10,48,4.0,374,Aplicacao_Movel,10.63,5,Sim,Falta De Informação,Estudante,Social,77.79
981,2024-11-01,Serviços De Educação,Telefone,69.61,77.20,97,3.6,184,Telefone,19.61,11,Não,Falta De Informação,Funcionário Público,Cultura,58.04
982,2024-11-18,Gabinete De Atendimento Ao Cidadão,Chatbot,78.40,82.24,59,3.9,400,Email,15.33,7,Sim,Falta De Informação,Empresa,Mobilidade,72.69
983,2024-12-05,Serviços De Ti,Atendimento Presencial,69.63,78.07,89,3.7,311,Presencial,17.15,9,Sim,Precisa Melhorias,Utilizador Vulnerável,Habitação,66.12
984,2024-01-02,Departamento De Saúde Pública,Portal Online,63.51,73.21,92,3.2,347,Chatbot,22.62,11,Não,Processo Complicado,Reforma/Pensionista,Digitalização,58.11
985,2024-01-19,Direcção De Serviços Financeiros,Balcão Único,77.29,81.11,69,3.8,399,Portal,12.23,9,Sim,Muito Satisfeito,Cidadão,Ambiente,73.71
986,2024-02-05,Departamento De Inovação E Digitalização,Email,71.23,75.15,76,3.8,257,Aplicacao_Movel,20.10,9,Não,Falta De Informação,Estudante,Inovação,64.35
987,2024-02-22,Direcção De Recursos Humanos,Serviços Digitais,84.71,86.82,40,4.2,378,Telefone,12.33,5,Sim,Muito Satisfeito,Funcionário Público,Educação,80.84
988,2024-03-10,Departamento De Planeamento Estratégico,Telefone,86.79,85.23,40,4.0,251,Email,9.52,5,Sim,Falta De Informação,Empresa,Saúde,80.62
989,2024-03-27,Serviços De Educação,Chatbot,77.37,82.35,50,4.3,289,Presencial,9.38,6,Sim,Muito Satisfeito,Utilizador Vulnerável,Social,76.28
990,2024-04-13,Gabinete De Atendimento Ao Cidadão,Atendimento Presencial,76.10,77.29,84,3.6,276,Chatbot,17.53,10,Sim,Tempo De Espera Elevado,Reforma/Pensionista,Cultura,66.91
991,2024-04-30,Serviços De Ti,Portal Online,76.49,79.35,67,4.1,354,Portal,16.10,7,Sim,Muito Satisfeito,Cidadão,Mobilidade,71.91
992,2024-05-17,Departamento De Saúde Pública,Balcão Único,69.39,80.82,91,3.6,317,Aplicacao_Movel,16.96,10,Não,Sistema Lento,Estudante,Habitação,65.06
993,2024-06-14,Direcção De Serviços Financeiros,Email,71.40,78.76,74,3.5,327,Telefone,15.20,10,Não,Precisa Melhorias,Funcionário Público,Digitalização,67.46
994,2024-07-01,Departamento De Inovação E Digitalização,Serviços Digitais,73.80,82.65,71,3.7,197,Email,14.97,8,Sim,Processo Complicado,Empresa,Ambiente,66.64
995,2024-07-18,Direcção De Recursos Humanos,Telefone,94.59,89.62,30,4.8,441,Presencial,3.64,4,Sim,Resposta Rápida E Eficaz,Utilizador Vulnerável,Inovação,90.05
996,2024-08-04,Departamento De Planeamento Estratégico,Chatbot,75.61,83.93,78,4.0,253,Chatbot,13.06,8,Sim,Falta De Informação,Reforma/Pensionista,Educação,70.95
997,2024-08-21,Serviços De Educação,Atendimento Presencial,85.19,85.72,40,4.5,322,Portal,7.21,5,Sim,Muito Satisfeito,Cidadão,Saúde,81.21
998,2024-09-07,Gabinete De Atendimento Ao Cidadão,Portal Online,76.74,80.19,73,4.1,328,Aplicacao_Movel,13.23,8,Sim,Falta De Informação,Estudante,Social,71.95
999,2024-09-24,Serviços De Ti,Balcão Único,81.76,89.33,48,4.2,276,Telefone,8.43,6,Sim,Muito Satisfeito,Funcionário Público,Cultura,81.23
1000,2024-10-11,Departamento De Saúde Pública,Email,64.91,73.44,91,3.7,238,Email,21.03,10,Não,Tempo De Espera Elevado,Empresa,Mobilidade,60.45
1001,2024-10-28,Direcção De Serviços Financeiros,Serviços Digitais,79.13,82.23,54,4.0,355,Presencial,10.50,7,Sim,Muito Satisfeito,Utilizador Vulnerável,Habitação,75.85
1002,2024-11-25,Departamento De Inovação E Digitalização,Telefone,85.90,91.54,29,4.2,367,Chatbot,7.79,4,Não,Excelente Atendimento,Reforma/Pensionista,Digitalização,86.26
1003,2024-12-12,Direcção De Recursos Humanos,Chatbot,74.66,84.62,73,3.7,346,Portal,16.21,8,Sim,Muito Satisfeito,Cidadão,Ambiente,73.11
1004,2024-12-29,Departamento De Planeamento Estratégico,Atendimento Presencial,83.87,82.58,65,4.0,234,Aplicacao_Movel,14.41,8,Sim,Falta De Informação,Estudante,Inovação,75.46
1005,2024-01-15,Serviços De Educação,Portal Online,81.93,83.95,58,3.7,334,Telefone,15.00,7,Sim,Muito Satisfeito,Funcionário Público,Educação,74.22
1006,2024-02-01,Gabinete De Atendimento Ao Cidadão,Balcão Único,72.77,73.26,84,3.2,320,Email,21.43,11,Não,Falta De Informação,Empresa,Saúde,61.04
1007,2024-02-18,Serviços De Ti,Email,87.31,90.80,52,4.1,386,Presencial,11.61,4,Sim,Muito Satisfeito,Utilizador Vulnerável,Social,81.94
1008,2024-03-06,Departamento De Saúde Pública,Serviços Digitais,68.33,75.21,85,3.5,283,Chatbot,20.54,10,Não,Precisa Melhorias,Reforma/Pensionista,Cultura,61.11
1009,2024-03-23,Direcção De Serviços Financeiros,Telefone,83.96,85.56,60,3.9,306,Portal,13.36,8,Sim,Muito Satisfeito,Cidadão,Mobilidade,77.68
1010,2024-04-09,Departamento De Inovação E Digitalização,Chatbot,80.55,80.54,71,4.1,264,Aplicacao_Movel,12.52,8,Sim,Falta De Informação,Estudante,Habitação,71.15
1011,2024-05-07,Direcção De Recursos Humanos,Atendimento Presencial,82.89,90.59,50,4.0,337,Telefone,9.04,5,Não,Muito Satisfeito,Funcionário Público,Digitalização,80.95
1012,2024-05-24,Departamento De Planeamento Estratégico,Portal Online,79.62,85.91,54,3.7,367,Email,15.18,6,Sim,Falta De Informação,Empresa,Ambiente,74.80
1013,2024-06-10,Serviços De Educação,Balcão Único,83.57,89.91,48,4.3,317,Presencial,7.12,6,Sim,Muito Satisfeito,Utilizador Vulnerável,Inovação,83.68
1014,2024-06-27,Gabinete De Atendimento Ao Cidadão,Email,74.22,78.66,78,3.6,371,Chatbot,15.30,7,Sim,Processo Complicado,Reforma/Pensionista,Educação,69.33
1015,2024-07-14,Serviços De Ti,Serviços Digitais,62.93,73.29,110,3.3,154,Portal,20.74,11,Não,Tempo De Espera Elevado,Cidadão,Saúde,55.17
1016,2024-07-31,Departamento De Saúde Pública,Telefone,78.97,77.33,74,4.0,385,Aplicacao_Movel,15.14,11,Não,Falta De Informação,Estudante,Social,68.45
1017,2024-08-17,Direcção De Serviços Financeiros,Chatbot,66.56,76.87,92,3.2,302,Telefone,16.72,12,Não,Sistema Lento,Funcionário Público,Cultura,61.16
1018,2024-09-03,Departamento De Inovação E Digitalização,Atendimento Presencial,67.84,75.41,101,3.5,258,Email,18.72,13,Não,Precisa Melhorias,Empresa,Mobilidade,59.98
1019,2024-09-20,Direcção De Recursos Humanos,Portal Online,72.03,79.14,86,3.5,373,Presencial,16.62,11,Sim,Processo Complicado,Utilizador Vulnerável,Habitação,67.04
1020,2024-10-18,Departamento De Planeamento Estratégico,Balcão Único,83.51,85.19,61,4.0,367,Chatbot,9.25,6,Não,Falta De Informação,Reforma/Pensionista,Digitalização,76.36
1021,2024-11-04,Serviços De Educação,Email,74.29,84.24,60,3.7,223,Portal,11.63,9,Sim,Muito Satisfeito,Cidadão,Ambiente,72.09
1022,2024-11-21,Gabinete De Atendimento Ao Cidadão,Serviços Digitais,72.78,80.44,66,3.8,324,Aplicacao_Movel,14.64,9,Sim,Sistema Lento,Estudante,Inovação,69.14
1023,2024-12-08,Serviços De Ti,Telefone,65.08,73.85,90,3.6,227,Telefone,19.91,11,Sim,Precisa Melhorias,Funcionário Público,Educação,60.93
1024,2024-12-25,Departamento De Saúde Pública,Chatbot,69.11,81.78,80,3.5,184,Email,17.88,8,Não,Processo Complicado,Empresa,Saúde,64.96
1025,2024-01-11,Direcção De Serviços Financeiros,Atendimento Presencial,87.79,87.61,29,4.5,284,Presencial,5.53,3,Sim,Muito Satisfeito,Utilizador Vulnerável,Social,84.29
1026,2024-01-28,Departamento De Inovação E Digitalização,Portal Online,78.43,77.30,82,3.5,287,Chatbot,13.69,10,Sim,Falta De Informação,Reforma/Pensionista,Cultura,68.42
1027,2024-02-14,Direcção De Recursos Humanos,Balcão Único,75.24,82.23,62,3.9,363,Portal,10.79,8,Sim,Muito Satisfeito,Cidadão,Mobilidade,73.10
1028,2024-03-02,Departamento De Planeamento Estratégico,Email,75.34,84.24,68,3.7,355,Aplicacao_Movel,15.22,7,Sim,Falta De Informação,Estudante,Habitação,71.29
1029,2024-03-30,Serviços De Educação,Serviços Digitais,67.25,72.23,93,3.1,258,Telefone,18.21,12,Não,Processo Complicado,Funcionário Público,Digitalização,58.74
1030,2024-04-16,Gabinete De Atendimento Ao Cidadão,Telefone,67.04,75.83,110,3.0,215,Email,20.37,12,Não,Tempo De Espera Elevado,Empresa,Ambiente,55.38
1031,2024-05-03,Serviços De Ti,Chatbot,71.92,78.88,68,3.9,342,Presencial,15.77,9,Sim,Falta De Informação,Utilizador Vulnerável,Inovação,69.30
1032,2024-05-20,Departamento De Saúde Pública,Atendimento Presencial,68.54,72.18,89,3.3,254,Chatbot,20.45,13,Sim,Sistema Lento,Reforma/Pensionista,Educação,59.07
1033,2024-06-06,Direcção De Serviços Financeiros,Portal Online,72.69,83.32,77,4.0,219,Portal,13.03,10,Não,Muito Satisfeito,Cidadão,Saúde,70.54
1034,2024-06-23,Departamento De Inovação E Digitalização,Balcão Único,80.92,88.30,48,4.2,281,Aplicacao_Movel,9.19,5,Sim,Falta De Informação,Estudante,Social,77.71
1035,2024-07-10,Direcção De Recursos Humanos,Email,65.37,76.17,100,3.4,338,Telefone,19.35,11,Não,Tempo De Espera Elevado,Funcionário Público,Cultura,61.20
1036,2024-07-27,Departamento De Planeamento Estratégico,Serviços Digitais,81.99,83.32,62,4.1,317,Email,12.23,6,Sim,Falta De Informação,Empresa,Mobilidade,76.01
1037,2024-08-13,Serviços De Educação,Telefone,79.20,83.14,60,4.1,338,Presencial,12.02,7,Sim,Muito Satisfeito,Utilizador Vulnerável,Habitação,73.35
1038,2024-09-10,Gabinete De Atendimento Ao Cidadão,Chatbot,80.44,83.95,54,4.3,309,Chatbot,11.87,8,Não,Falta De Informação,Reforma/Pensionista,Digitalização,76.34
1039,2024-09-27,Serviços De Ti,Atendimento Presencial,85.64,89.17,42,4.6,310,Portal,5.45,4,Sim,Muito Satisfeito,Cidadão,Ambiente,85.01
1040,2024-10-14,Departamento De Saúde Pública,Portal Online,83.23,85.71,50,3.9,314,Aplicacao_Movel,11.09,5,Sim,Falta De Informação,Estudante,Inovação,79.34
1041,2024-10-31,Direcção De Serviços Financeiros,Balcão Único,79.47,84.99,59,4.1,393,Telefone,11.27,10,Sim,Muito Satisfeito,Funcionário Público,Educação,71.93
1042,2024-11-17,Departamento De Inovação E Digitalização,Email,73.39,80.61,93,3.8,219,Email,20.60,10,Sim,Sistema Lento,Empresa,Saúde,63.97
1043,2024-12-04,Direcção De Recursos Humanos,Serviços Digitais,76.15,83.26,68,4.1,385,Presencial,11.83,7,Sim,Muito Satisfeito,Utilizador Vulnerável,Social,73.03
1044,2024-12-21,Departamento De Planeamento Estratégico,Telefone,65.16,72.28,95,3.0,233,Chatbot,23.20,10,Não,Processo Complicado,Reforma/Pensionista,Cultura,56.61
1045,2024-01-07,Serviços De Educação,Chatbot,67.85,77.13,98,3.4,328,Portal,17.77,10,Não,Tempo De Espera Elevado,Cidadão,Mobilidade,61.28
1046,2024-01-24,Gabinete De Atendimento Ao Cidadão,Atendimento Presencial,67.26,73.78,87,3.4,166,Aplicacao_Movel,18.53,13,Sim,Falta De Informação,Estudante,Habitação,60.38
1047,2024-02-21,Serviços De Ti,Portal Online,64.64,72.90,87,3.4,313,Telefone,16.97,9,Não,Sistema Lento,Funcionário Público,Digitalização,60.59
1048,2024-03-09,Departamento De Saúde Pública,Balcão Único,75.57,81.45,66,3.8,361,Email,15.76,7,Sim,Precisa Melhorias,Empresa,Ambiente,70.03
1049,2024-03-26,Direcção De Serviços Financeiros,Email,81.23,82.07,61,4.1,406,Presencial,15.45,9,Sim,Muito Satisfeito,Utilizador Vulnerável,Inovação,73.63
1050,2024-04-12,Departamento De Inovação E Digitalização,Serviços Digitais,81.90,82.81,49,3.9,412,Chatbot,11.69,7,Sim,Falta De Informação,Reforma/Pensionista,Educação,78.71
1051,2024-04-29,Direcção De Recursos Humanos,Telefone,83.05,90.63,33,4.2,399,Portal,7.35,3,Sim,Muito Satisfeito,Cidadão,Saúde,83.34
1052,2024-05-16,Departamento De Planeamento Estratégico,Chatbot,70.26,77.12,94,3.6,202,Aplicacao_Movel,16.19,10,Sim,Sistema Lento,Estudante,Social,63.00
1053,2024-06-02,Serviços De Educação,Atendimento Presencial,73.42,84.52,80,3.6,369,Telefone,17.60,9,Não,Precisa Melhorias,Funcionário Público,Cultura,70.03
1054,2024-06-19,Gabinete De Atendimento Ao Cidadão,Portal Online,70.44,77.73,90,3.4,286,Email,18.85,11,Não,Processo Complicado,Empresa,Mobilidade,60.83
1055,2024-07-06,Serviços De Ti,Balcão Único,74.33,83.78,64,3.8,210,Presencial,12.47,8,Sim,Muito Satisfeito,Utilizador Vulnerável,Habitação,72.55
1056,2024-08-03,Departamento De Saúde Pública,Email,79.15,80.36,60,4.2,352,Chatbot,15.13,8,Não,Falta De Informação,Reforma/Pensionista,Digitalização,73.46
1057,2024-08-20,Direcção De Serviços Financeiros,Serviços Digitais,75.63,86.04,71,4.1,289,Portal,13.70,8,Sim,Muito Satisfeito,Cidadão,Ambiente,72.91
1058,2024-09-06,Departamento De Inovação E Digitalização,Telefone,91.14,87.15,43,4.4,244,Aplicacao_Movel,8.24,5,Sim,Falta De Informação,Estudante,Inovação,83.95
1059,2024-09-23,Direcção De Recursos Humanos,Chatbot,84.56,88.76,43,4.4,362,Telefone,8.35,4,Sim,Muito Satisfeito,Funcionário Público,Educação,79.61
1060,2024-10-10,Departamento De Planeamento Estratégico,Atendimento Presencial,76.46,80.27,78,3.9,256,Email,14.06,8,Sim,Falta De Informação,Empresa,Saúde,70.36
1061,2024-10-27,Serviços De Educação,Portal Online,85.77,82.28,59,4.0,373,Presencial,9.77,8,Sim,Muito Satisfeito,Utilizador Vulnerável,Social,77.61
1062,2024-11-13,Gabinete De Atendimento Ao Cidadão,Balcão Único,81.97,83.04,62,4.1,364,Chatbot,11.86,7,Sim,Falta De Informação,Reforma/Pensionista,Cultura,77.48
1063,2024-11-30,Serviços De Ti,Email,80.17,86.53,59,3.7,287,Portal,13.30,9,Sim,Muito Satisfeito,Cidadão,Mobilidade,74.85
1064,2024-12-17,Departamento De Saúde Pública,Serviços Digitais,80.05,82.63,48,4.1,392,Aplicacao_Movel,9.85,7,Sim,Falta De Informação,Estudante,Habitação,77.49
1065,2024-01-14,Direcção De Serviços Financeiros,Telefone,73.35,79.50,76,3.9,238,Telefone,16.36,10,Não,Tempo De Espera Elevado,Funcionário Público,Digitalização,67.49
1066,2024-01-31,Departamento De Inovação E Digitalização,Chatbot,69.64,76.98,91,3.2,347,Email,17.73,10,Sim,Falta De Informação,Empresa,Ambiente,59.30
1067,2024-02-17,Direcção De Recursos Humanos,Atendimento Presencial,82.58,80.19,73,4.1,215,Presencial,12.29,6,Sim,Muito Satisfeito,Utilizador Vulnerável,Inovação,72.92
1068,2024-03-05,Departamento De Planeamento Estratégico,Portal Online,77.85,79.58,84,3.8,329,Chatbot,16.91,9,Não,Precisa Melhorias,Reforma/Pensionista,Educação,66.83
1069,2024-03-22,Serviços De Educação,Balcão Único,76.34,79.76,72,3.9,287,Portal,12.62,7,Sim,Muito Satisfeito,Cidadão,Saúde,72.68
1070,2024-04-08,Gabinete De Atendimento Ao Cidadão,Email,89.61,87.07,38,4.5,381,Aplicacao_Movel,10.19,4,Sim,Falta De Informação,Estudante,Social,82.18
1071,2024-04-25,Serviços De Ti,Serviços Digitais,60.76,73.50,112,3.1,271,Telefone,24.83,11,Não,Falta De Informação,Funcionário Público,Cultura,55.37
1072,2024-05-12,Departamento De Saúde Pública,Telefone,70.10,79.78,93,3.3,278,Email,18.39,11,Sim,Sistema Lento,Empresa,Mobilidade,62.00
1073,2024-05-29,Direcção De Serviços Financeiros,Chatbot,84.11,84.27,62,4.1,406,Presencial,11.95,8,Sim,Muito Satisfeito,Utilizador Vulnerável,Habitação,76.99
1074,2024-06-26,Departamento De Inovação E Digitalização,Atendimento Presencial,74.13,78.09,77,3.9,326,Chatbot,19.88,9,Não,Processo Complicado,Reforma/Pensionista,Digitalização,64.94
1075,2024-07-13,Direcção De Recursos Humanos,Portal Online,75.98,80.03,86,3.6,196,Portal,14.15,9,Não,Tempo De Espera Elevado,Cidadão,Ambiente,66.17
1076,2024-07-30,Departamento De Planeamento Estratégico,Balcão Único,87.49,91.49,28,4.6,268,Aplicacao_Movel,9.60,3,Sim,Muito Satisfeito,Estudante,Inovação,85.36
1077,2024-08-16,Serviços De Educação,Email,84.90,87.86,37,4.5,419,Telefone,12.23,5,Sim,Muito Satisfeito,Funcionário Público,Educação,81.29
1078,2024-09-02,Gabinete De Atendimento Ao Cidadão,Serviços Digitais,83.46,85.78,40,4.4,380,Email,6.81,4,Sim,Falta De Informação,Empresa,Saúde,84.11
1079,2024-09-19,Serviços De Ti,Telefone,69.33,76.72,107,3.2,152,Presencial,22.92,10,Não,Processo Complicado,Utilizador Vulnerável,Social,58.72
1080,2024-10-06,Departamento De Saúde Pública,Chatbot,85.52,90.79,37,4.4,379,Chatbot,9.74,6,Sim,Falta De Informação,Reforma/Pensionista,Cultura,82.64
1081,2024-10-23,Direcção De Serviços Financeiros,Atendimento Presencial,79.02,81.33,55,4.2,258,Portal,15.07,8,Sim,Muito Satisfeito,Cidadão,Mobilidade,73.91
1082,2024-11-09,Departamento De Inovação E Digitalização,Portal Online,85.98,89.48,57,4.0,425,Aplicacao_Movel,11.16,4,Sim,Falta De Informação,Estudante,Habitação,79.65
1083,2024-12-07,Direcção De Recursos Humanos,Balcão Único,93.85,91.31,27,4.3,272,Telefone,5.96,2,Não,Bom Serviço,Funcionário Público,Digitalização,88.98
1084,2024-12-24,Departamento De Planeamento Estratégico,Email,72.85,81.41,67,3.7,338,Email,16.00,9,Sim,Falta De Informação,Empresa,Ambiente,70.08
1085,2024-01-10,Serviços De Educação,Serviços Digitais,80.58,80.59,74,3.8,363,Presencial,11.89,7,Sim,Muito Satisfeito,Utilizador Vulnerável,Inovação,70.73
1086,2024-01-27,Gabinete De Atendimento Ao Cidadão,Telefone,74.25,78.91,80,3.5,262,Chatbot,16.54,8,Sim,Falta De Informação,Reforma/Pensionista,Educação,65.40
1087,2024-02-13,Serviços De Ti,Chatbot,69.12,77.22,94,3.7,204,Portal,19.76,10,Não,Sistema Lento,Cidadão,Saúde,64.17
1088,2024-03-01,Departamento De Saúde Pública,Atendimento Presencial,72.82,76.18,85,3.5,229,Aplicacao_Movel,16.21,12,Não,Precisa Melhorias,Estudante,Social,64.81
1089,2024-03-18,Direcção De Serviços Financeiros,Portal Online,81.52,80.58,59,3.9,343,Telefone,14.73,7,Sim,Muito Satisfeito,Funcionário Público,Cultura,73.37
1090,2024-04-04,Departamento De Inovação E Digitalização,Balcão Único,81.87,86.73,43,4.0,415,Email,6.89,4,Sim,Falta De Informação,Empresa,Mobilidade,80.86
1091,2024-04-21,Direcção De Recursos Humanos,Email,82.68,86.98,50,4.3,382,Presencial,12.13,6,Sim,Muito Satisfeito,Utilizador Vulnerável,Habitação,78.71
1092,2024-05-19,Departamento De Planeamento Estratégico,Serviços Digitais,84.52,86.83,39,4.2,376,Chatbot,12.32,7,Não,Falta De Informação,Reforma/Pensionista,Digitalização,80.31
1093,2024-06-05,Serviços De Educação,Telefone,82.25,87.89,52,4.3,343,Portal,9.41,6,Sim,Muito Satisfeito,Cidadão,Ambiente,77.00
1094,2024-06-22,Gabinete De Atendimento Ao Cidadão,Chatbot,83.14,86.20,35,4.3,334,Aplicacao_Movel,9.23,3,Sim,Falta De Informação,Estudante,Inovação,82.97
1095,2024-07-09,Serviços De Ti,Atendimento Presencial,90.31,88.92,32,4.2,240,Telefone,5.70,6,Sim,Muito Satisfeito,Funcionário Público,Educação,84.28
1096,2024-07-26,Departamento De Saúde Pública,Portal Online,66.84,73.66,101,3.6,202,Email,17.69,11,Sim,Falta De Informação,Empresa,Saúde,60.59
1097,2024-08-12,Direcção De Serviços Financeiros,Balcão Único,68.92,75.14,100,3.3,169,Presencial,19.96,11,Não,Sistema Lento,Utilizador Vulnerável,Social,61.44
1098,2024-08-29,Departamento De Inovação E Digitalização,Email,83.02,89.49,43,4.6,287,Chatbot,9.50,6,Sim,Falta De Informação,Reforma/Pensionista,Cultura,83.19
1099,2024-09-15,Direcção De Recursos Humanos,Serviços Digitais,87.84,87.82,53,4.1,430,Portal,8.39,7,Sim,Muito Satisfeito,Cidadão,Mobilidade,81.09
1100,2024-10-02,Departamento De Planeamento Estratégico,Telefone,68.90,73.38,84,3.7,275,Aplicacao_Movel,21.05,10,Sim,Tempo De Espera Elevado,Estudante,Habitação,61.21
1101,2024-10-30,Serviços De Educação,Chatbot,80.30,80.43,65,4.0,345,Telefone,13.15,7,Não,Muito Satisfeito,Funcionário Público,Digitalização,71.39
1102,2024-11-16,Gabinete De Atendimento Ao Cidadão,Atendimento Presencial,83.39,86.61,47,4.6,399,Email,7.46,5,Sim,Falta De Informação,Empresa,Ambiente,83.82
1103,2024-12-03,Serviços De Ti,Portal Online,81.34,81.90,50,4.2,279,Presencial,10.58,6,Sim,Muito Satisfeito,Utilizador Vulnerável,Inovação,75.25
1104,2024-12-20,Departamento De Saúde Pública,Balcão Único,85.44,85.02,56,4.3,320,Chatbot,12.44,5,Sim,Falta De Informação,Reforma/Pensionista,Educação,77.48
1105,2024-01-06,Direcção De Serviços Financeiros,Email,77.94,84.03,72,3.8,400,Portal,15.14,7,Sim,Muito Satisfeito,Cidadão,Saúde,72.20
1106,2024-01-23,Departamento De Inovação E Digitalização,Serviços Digitais,80.92,88.75,43,4.1,321,Aplicacao_Movel,9.09,6,Sim,Falta De Informação,Estudante,Social,79.94
1107,2024-02-09,Direcção De Recursos Humanos,Telefone,71.37,76.53,76,3.5,315,Telefone,17.78,10,Sim,Sistema Lento,Funcionário Público,Cultura,64.94
1108,2024-02-26,Departamento De Planeamento Estratégico,Chatbot,76.70,84.55,72,3.7,280,Email,11.72,6,Sim,Falta De Informação,Empresa,Mobilidade,72.71
1109,2024-03-14,Serviços De Educação,Atendimento Presencial,85.19,87.75,34,4.2,281,Presencial,7.07,4,Sim,Serviço Eficiente,Utilizador Vulnerável,Habitação,85.52
1110,2024-04-11,Gabinete De Atendimento Ao Cidadão,Portal Online,81.46,85.18,62,4.2,295,Chatbot,12.95,5,Não,Falta De Informação,Reforma/Pensionista,Digitalização,75.90
1111,2024-04-28,Serviços De Ti,Balcão Único,88.94,94.70,17,4.5,270,Portal,5.91,3,Sim,Muito Satisfeito,Cidadão,Ambiente,90.52
1112,2024-05-15,Departamento De Saúde Pública,Email,77.96,77.79,75,3.7,186,Aplicacao_Movel,14.40,8,Sim,Sistema Lento,Estudante,Inovação,67.50
1113,2024-06-01,Direcção De Serviços Financeiros,Serviços Digitais,90.22,91.08,29,4.4,354,Telefone,5.05,3,Sim,Bom Serviço,Funcionário Público,Educação,85.30
1114,2024-06-18,Departamento De Inovação E Digitalização,Telefone,89.73,87.62,26,4.6,378,Email,9.32,4,Sim,Serviço Eficiente,Empresa,Saúde,86.84
1115,2024-07-05,Direcção De Recursos Humanos,Chatbot,93.52,93.71,20,4.8,426,Presencial,6.73,1,Sim,Resposta Rápida E Eficaz,Utilizador Vulnerável,Social,91.03
1116,2024-07-22,Departamento De Planeamento Estratégico,Atendimento Presencial,92.30,88.78,30,4.8,284,Chatbot,7.40,4,Sim,Muito Satisfeito,Reforma/Pensionista,Cultura,88.40
1117,2024-08-08,Serviços De Educação,Portal Online,71.69,75.82,85,3.8,344,Portal,18.30,11,Sim,Sistema Lento,Cidadão,Mobilidade,65.09
1118,2024-08-25,Gabinete De Atendimento Ao Cidadão,Balcão Único,78.53,79.44,70,4.0,208,Aplicacao_Movel,12.47,8,Sim,Precisa Melhorias,Estudante,Habitação,69.87
1119,2024-09-22,Serviços De Ti,Email,90.16,88.40,47,4.3,331,Telefone,7.01,4,Não,Muito Satisfeito,Funcionário Público,Digitalização,83.84
1120,2024-10-09,Departamento De Saúde Pública,Serviços Digitais,76.46,85.54,59,3.9,298,Email,14.50,7,Sim,Falta De Informação,Empresa,Ambiente,74.30
1121,2024-10-26,Direcção De Serviços Financeiros,Telefone,90.94,89.62,39,4.6,423,Presencial,6.78,5,Sim,Muito Satisfeito,Utilizador Vulnerável,Inovação,84.71
1122,2024-11-12,Departamento De Inovação E Digitalização,Chatbot,81.91,87.79,49,4.4,317,Chatbot,6.60,5,Sim,Falta De Informação,Reforma/Pensionista,Educação,82.44
1123,2024-11-29,Direcção De Recursos Humanos,Atendimento Presencial,80.69,84.04,66,3.8,224,Portal,15.11,9,Sim,Muito Satisfeito,Cidadão,Saúde,70.89
1124,2024-12-16,Departamento De Planeamento Estratégico,Portal Online,77.75,80.93,58,3.9,280,Aplicacao_Movel,14.80,7,Sim,Falta De Informação,Estudante,Social,73.50
1125,2024-01-02,Serviços De Educação,Balcão Único,83.71,85.49,44,4.5,324,Telefone,8.34,4,Sim,Muito Satisfeito,Funcionário Público,Cultura,79.82
1126,2024-01-19,Gabinete De Atendimento Ao Cidadão,Email,89.20,89.91,17,4.4,297,Email,4.17,2,Sim,Muito Satisfeito,Empresa,Mobilidade,89.80
1127,2024-02-05,Serviços De Ti,Serviços Digitais,79.02,85.73,60,4.3,335,Presencial,10.37,7,Sim,Muito Satisfeito,Utilizador Vulnerável,Habitação,78.61
1128,2024-03-04,Departamento De Saúde Pública,Telefone,92.59,93.84,16,5.0,457,Chatbot,4.95,2,Não,Bom Serviço,Reforma/Pensionista,Digitalização,95.28
1129,2024-03-21,Direcção De Serviços Financeiros,Chatbot,88.07,88.40,39,4.2,236,Portal,6.76,4,Sim,Muito Satisfeito,Cidadão,Ambiente,81.78
1130,2024-04-07,Departamento De Inovação E Digitalização,Atendimento Presencial,88.80,86.53,40,4.4,375,Aplicacao_Movel,5.51,5,Sim,Falta De Informação,Estudante,Inovação,84.25
1131,2024-04-24,Direcção De Recursos Humanos,Portal Online,83.17,82.50,65,4.2,368,Telefone,11.66,6,Sim,Muito Satisfeito,Funcionário Público,Educação,74.17
1132,2024-05-11,Departamento De Planeamento Estratégico,Balcão Único,88.35,93.35,26,4.6,337,Email,9.37,4,Sim,Excelente Atendimento,Empresa,Saúde,86.78
1133,2024-05-28,Serviços De Educação,Email,98.69,96.67,8,5.0,458,Presencial,2.15,3,Sim,Bom Serviço,Utilizador Vulnerável,Social,93.72
1134,2024-06-14,Gabinete De Atendimento Ao Cidadão,Serviços Digitais,82.96,85.24,63,4.3,334,Chatbot,12.97,6,Sim,Falta De Informação,Reforma/Pensionista,Cultura,75.84
1135,2024-07-01,Serviços De Ti,Telefone,89.09,87.65,34,4.2,421,Portal,8.31,5,Sim,Muito Satisfeito,Cidadão,Mobilidade,84.89
1136,2024-07-18,Departamento De Saúde Pública,Chatbot,94.77,95.38,25,4.7,306,Aplicacao_Movel,4.57,3,Sim,Muito Satisfeito,Estudante,Habitação,90.56
1137,2024-08-15,Direcção De Serviços Financeiros,Atendimento Presencial,91.69,91.79,33,4.5,441,Telefone,8.05,2,Não,Excelente Atendimento,Funcionário Público,Digitalização,85.47
1138,2024-09-01,Departamento De Inovação E Digitalização,Portal Online,84.49,89.68,31,4.1,388,Email,5.53,3,Sim,Falta De Informação,Empresa,Ambiente,83.71
1139,2024-09-18,Direcção De Recursos Humanos,Balcão Único,93.29,95.89,27,4.6,429,Presencial,6.12,2,Sim,Serviço Eficiente,Utilizador Vulnerável,Inovação,90.77
1140,2024-10-05,Departamento De Planeamento Estratégico,Email,75.25,81.71,57,3.9,264,Chatbot,11.95,7,Sim,Falta De Informação,Reforma/Pensionista,Educação,73.97
1141,2024-10-22,Serviços De Educação,Serviços Digitais,77.92,85.36,71,3.8,365,Portal,12.30,9,Sim,Muito Satisfeito,Cidadão,Saúde,72.37
1142,2024-11-08,Gabinete De Atendimento Ao Cidadão,Telefone,92.76,96.02,12,5.0,296,Aplicacao_Movel,1.63,0,Sim,Excelente Atendimento,Estudante,Social,95.18
1143,2024-11-25,Serviços De Ti,Chatbot,78.48,84.26,59,4.1,288,Telefone,12.35,9,Sim,Muito Satisfeito,Funcionário Público,Cultura,71.84
1144,2024-12-12,Departamento De Saúde Pública,Atendimento Presencial,76.60,82.42,67,3.5,242,Email,13.47,9,Sim,Processo Complicado,Empresa,Mobilidade,69.62
1145,2024-12-29,Direcção De Serviços Financeiros,Portal Online,80.19,83.80,60,4.2,278,Presencial,13.66,8,Sim,Muito Satisfeito,Utilizador Vulnerável,Habitação,74.57
1146,2024-01-26,Departamento De Inovação E Digitalização,Balcão Único,72.68,81.03,78,3.5,291,Chatbot,14.17,8,Não,Falta De Informação,Reforma/Pensionista,Digitalização,69.16
1147,2024-02-12,Direcção De Recursos Humanos,Email,95.07,97.61,12,4.6,412,Portal,3.58,2,Sim,Excelente Atendimento,Cidadão,Ambiente,94.92
1148,2024-02-29,Departamento De Planeamento Estratégico,Serviços Digitais,98.07,94.03,23,4.6,387,Aplicacao_Movel,1.23,4,Sim,Bom Serviço,Estudante,Inovação,93.19
1149,2024-03-17,Serviços De Educação,Telefone,72.31,82.52,86,3.5,302,Telefone,17.45,10,Não,Processo Complicado,Funcionário Público,Educação,66.84
1150,2024-04-03,Gabinete De Atendimento Ao Cidadão,Chatbot,89.02,89.59,35,4.5,259,Email,8.30,6,Sim,Falta De Informação,Empresa,Saúde,82.03
1151,2024-04-20,Serviços De Ti,Atendimento Presencial,85.06,88.75,33,4.6,324,Presencial,6.69,3,Sim,Muito Satisfeito,Utilizador Vulnerável,Social,86.38
1152,2024-05-07,Departamento De Saúde Pública,Portal Online,77.59,79.50,63,3.8,271,Chatbot,13.75,7,Sim,Falta De Informação,Reforma/Pensionista,Cultura,70.11
1153,2024-05-24,Direcção De Serviços Financeiros,Balcão Único,80.12,80.86,72,4.1,376,Portal,17.12,10,Não,Muito Satisfeito,Cidadão,Mobilidade,70.35
1154,2024-06-10,Departamento De Inovação E Digitalização,Email,77.22,79.84,60,3.7,386,Aplicacao_Movel,17.00,7,Sim,Falta De Informação,Estudante,Habitação,71.44
1155,2024-07-08,Direcção De Recursos Humanos,Serviços Digitais,84.82,91.97,39,4.5,276,Telefone,8.91,5,Não,Muito Satisfeito,Funcionário Público,Digitalização,84.16
1156,2024-07-25,Departamento De Planeamento Estratégico,Telefone,81.88,89.03,51,4.2,376,Email,10.85,5,Sim,Falta De Informação,Empresa,Ambiente,81.86
1157,2024-08-11,Serviços De Educação,Chatbot,72.16,84.54,77,3.6,386,Presencial,16.95,7,Sim,Muito Satisfeito,Utilizador Vulnerável,Inovação,70.20
1158,2024-08-28,Gabinete De Atendimento Ao Cidadão,Atendimento Presencial,90.73,93.38,30,4.7,330,Chatbot,3.27,2,Sim,Bom Serviço,Reforma/Pensionista,Educação,91.12
1159,2024-09-14,Serviços De Ti,Portal Online,89.65,88.24,39,4.5,374,Portal,6.45,7,Sim,Muito Satisfeito,Cidadão,Saúde,82.84
1160,2024-10-01,Departamento De Saúde Pública,Balcão Único,96.90,92.73,12,4.9,421,Aplicacao_Movel,1.89,3,Sim,Resposta Rápida E Eficaz,Estudante,Social,95.27
1161,2024-10-18,Direcção De Serviços Financeiros,Email,82.14,85.95,54,4.1,243,Telefone,9.93,6,Sim,Muito Satisfeito,Funcionário Público,Cultura,75.60
1162,2024-11-04,Departamento De Inovação E Digitalização,Serviços Digitais,77.26,83.69,61,4.0,231,Email,10.37,8,Sim,Falta De Informação,Empresa,Mobilidade,76.23
1163,2024-11-21,Direcção De Recursos Humanos,Telefone,71.72,79.49,92,3.6,349,Presencial,17.91,10,Sim,Precisa Melhorias,Utilizador Vulnerável,Habitação,64.60
1164,2024-12-19,Departamento De Planeamento Estratégico,Chatbot,80.55,84.02,69,4.1,378,Chatbot,15.66,7,Não,Falta De Informação,Reforma/Pensionista,Digitalização,73.28
1165,2024-01-05,Serviços De Educação,Atendimento Presencial,93.17,91.13,25,4.5,361,Portal,4.35,2,Sim,Resposta Rápida E Eficaz,Cidadão,Ambiente,89.55
1166,2024-01-22,Gabinete De Atendimento Ao Cidadão,Portal Online,93.33,92.51,24,4.6,330,Aplicacao_Movel,4.14,2,Sim,Muito Satisfeito,Estudante,Inovação,87.45
1167,2024-02-08,Serviços De Ti,Balcão Único,81.00,85.13,49,3.8,340,Telefone,13.73,6,Sim,Muito Satisfeito,Funcionário Público,Educação,75.65
1168,2024-02-25,Departamento De Saúde Pública,Email,96.23,89.24,21,4.5,305,Email,5.37,4,Sim,Bom Serviço,Empresa,Saúde,90.11
1169,2024-03-13,Direcção De Serviços Financeiros,Serviços Digitais,96.92,96.13,21,4.7,282,Presencial,3.58,2,Sim,Serviço Eficiente,Utilizador Vulnerável,Social,94.25
1170,2024-03-30,Departamento De Inovação E Digitalização,Telefone,84.62,84.10,50,4.3,369,Chatbot,10.90,6,Sim,Falta De Informação,Reforma/Pensionista,Cultura,78.69
1171,2024-04-16,Direcção De Recursos Humanos,Chatbot,78.93,84.71,63,4.2,227,Portal,11.32,8,Sim,Muito Satisfeito,Cidadão,Mobilidade,77.22
1172,2024-05-03,Departamento De Planeamento Estratégico,Atendimento Presencial,81.88,85.00,39,4.4,310,Aplicacao_Movel,7.71,6,Sim,Falta De Informação,Estudante,Habitação,79.92
1173,2024-05-31,Serviços De Educação,Portal Online,90.37,90.81,26,4.5,286,Telefone,3.85,4,Não,Bom Serviço,Funcionário Público,Digitalização,90.50
1174,2024-06-17,Gabinete De Atendimento Ao Cidadão,Balcão Único,76.77,81.82,68,3.6,282,Email,13.00,8,Sim,Falta De Informação,Empresa,Ambiente,71.08
1175,2024-07-04,Serviços De Ti,Email,81.13,88.95,55,4.2,356,Presencial,9.96,4,Sim,Muito Satisfeito,Utilizador Vulnerável,Inovação,78.97
1176,2024-07-21,Departamento De Saúde Pública,Serviços Digitais,88.96,88.70,21,4.4,306,Chatbot,7.40,4,Sim,Muito Satisfeito,Reforma/Pensionista,Educação,89.15
1177,2024-08-07,Direcção De Serviços Financeiros,Telefone,85.19,89.27,50,4.4,390,Portal,8.85,3,Sim,Muito Satisfeito,Cidadão,Saúde,81.95
1178,2024-08-24,Departamento De Inovação E Digitalização,Chatbot,82.40,89.09,48,4.3,241,Aplicacao_Movel,8.23,7,Sim,Falta De Informação,Estudante,Social,79.70
1179,2024-09-10,Direcção De Recursos Humanos,Atendimento Presencial,89.35,88.61,46,4.0,341,Telefone,9.71,4,Sim,Muito Satisfeito,Funcionário Público,Cultura,82.12
1180,2024-09-27,Departamento De Planeamento Estratégico,Portal Online,79.52,82.04,68,4.0,320,Email,11.43,7,Sim,Falta De Informação,Empresa,Mobilidade,75.23
1181,2024-10-14,Serviços De Educação,Balcão Único,86.67,92.36,41,4.2,332,Presencial,6.40,6,Sim,Muito Satisfeito,Utilizador Vulnerável,Habitação,84.50
1182,2024-11-11,Gabinete De Atendimento Ao Cidadão,Email,78.69,84.99,56,4.1,289,Chatbot,12.13,8,Não,Falta De Informação,Reforma/Pensionista,Digitalização,77.90
1183,2024-11-28,Serviços De Ti,Serviços Digitais,91.78,94.94,22,4.5,380,Portal,6.78,3,Sim,Bom Serviço,Cidadão,Ambiente,89.90
1184,2024-12-15,Departamento De Saúde Pública,Telefone,76.66,80.62,68,3.9,302,Aplicacao_Movel,15.34,10,Sim,Processo Complicado,Estudante,Inovação,69.32
1185,2024-01-01,Direcção De Serviços Financeiros,Chatbot,83.60,86.71,52,4.4,344,Telefone,11.17,6,Sim,Muito Satisfeito,Funcionário Público,Educação,81.18
1186,2024-01-18,Departamento De Inovação E Digitalização,Atendimento Presencial,88.96,90.46,29,4.4,409,Email,9.44,5,Sim,Muito Satisfeito,Empresa,Saúde,86.79
1187,2024-02-04,Direcção De Recursos Humanos,Portal Online,89.35,95.88,18,4.5,427,Presencial,3.65,3,Sim,Excelente Atendimento,Utilizador Vulnerável,Social,90.88
1188,2024-02-21,Departamento De Planeamento Estratégico,Balcão Único,82.46,86.33,53,4.4,343,Chatbot,11.98,6,Sim,Falta De Informação,Reforma/Pensionista,Cultura,79.54
1189,2024-03-09,Serviços De Educação,Email,78.89,87.48,48,4.0,305,Portal,10.56,6,Sim,Muito Satisfeito,Cidadão,Mobilidade,77.01
1190,2024-03-26,Gabinete De Atendimento Ao Cidadão,Serviços Digitais,73.33,83.30,63,3.9,309,Aplicacao_Movel,13.18,7,Sim,Falta De Informação,Estudante,Habitação,71.26
1191,2024-04-23,Serviços De Ti,Telefone,70.90,78.71,76,3.8,211,Telefone,16.19,8,Não,Falta De Informação,Funcionário Público,Digitalização,64.73
1192,2024-05-10,Departamento De Saúde Pública,Chatbot,87.08,91.12,28,4.7,395,Email,4.29,4,Sim,Excelente Atendimento,Empresa,Ambiente,87.54
1193,2024-05-27,Direcção De Serviços Financeiros,Atendimento Presencial,75.46,85.87,73,3.8,402,Presencial,11.12,8,Sim,Muito Satisfeito,Utilizador Vulnerável,Inovação,72.60
1194,2024-06-13,Departamento De Inovação E Digitalização,Portal Online,86.17,86.12,37,4.4,303,Chatbot,9.47,3,Sim,Falta De Informação,Reforma/Pensionista,Educação,83.84
1195,2024-06-30,Direcção De Recursos Humanos,Balcão Único,86.84,91.82,20,4.8,335,Portal,5.61,3,Sim,Resposta Rápida E Eficaz,Cidadão,Saúde,88.19
1196,2024-07-17,Departamento De Planeamento Estratégico,Email,85.35,89.99,26,4.3,378,Aplicacao_Movel,9.38,5,Sim,Muito Satisfeito,Estudante,Social,86.47
1197,2024-08-03,Serviços De Educação,Serviços Digitais,91.23,90.04,18,4.4,461,Telefone,7.31,4,Sim,Excelente Atendimento,Funcionário Público,Cultura,89.51
1198,2024-08-20,Gabinete De Atendimento Ao Cidadão,Telefone,80.84,88.69,53,4.3,412,Email,10.27,5,Sim,Falta De Informação,Empresa,Mobilidade,79.28
1199,2024-09-06,Serviços De Ti,Chatbot,80.20,87.73,55,4.3,383,Presencial,9.05,5,Sim,Muito Satisfeito,Utilizador Vulnerável,Habitação,77.86
1200,2024-10-04,Departamento De Saúde Pública,Atendimento Presencial,73.65,79.66,61,3.8,400,Chatbot,12.77,7,Não,Falta De Informação,Reforma/Pensionista,Digitalização,72.02
1201,2024-10-21,Direcção De Serviços Financeiros,Portal Online,81.24,84.36,58,4.2,333,Portal,13.41,9,Sim,Muito Satisfeito,Cidadão,Ambiente,73.75
1202,2024-11-07,Departamento De Inovação E Digitalização,Balcão Único,81.70,84.22,58,3.9,377,Aplicacao_Movel,12.11,6,Sim,Falta De Informação,Estudante,Inovação,72.07
1203,2024-11-24,Direcção De Recursos Humanos,Email,78.29,85.01,70,3.8,293,Telefone,15.67,8,Sim,Muito Satisfeito,Funcionário Público,Educação,74.04
1204,2024-12-11,Departamento De Planeamento Estratégico,Serviços Digitais,76.37,86.00,59,3.9,265,Email,12.45,9,Sim,Falta De Informação,Empresa,Saúde,73.80
1205,2024-12-28,Serviços De Educação,Telefone,72.15,80.01,81,3.9,385,Presencial,17.98,9,Sim,Tempo De Espera Elevado,Utilizador Vulnerável,Social,68.55
1206,2024-01-14,Gabinete De Atendimento Ao Cidadão,Chatbot,93.13,91.42,12,4.8,403,Chatbot,1.42,1,Sim,Muito Satisfeito,Reforma/Pensionista,Cultura,91.94
1207,2024-01-31,Serviços De Ti,Atendimento Presencial,76.62,85.62,57,4.2,317,Portal,13.89,6,Sim,Muito Satisfeito,Cidadão,Mobilidade,74.40
1208,2024-02-17,Departamento De Saúde Pública,Portal Online,90.79,91.42,25,5.0,405,Aplicacao_Movel,2.87,1,Sim,Bom Serviço,Estudante,Habitação,92.96
1209,2024-03-16,Direcção De Serviços Financeiros,Balcão Único,87.58,90.16,27,4.6,337,Telefone,7.55,5,Não,Serviço Eficiente,Funcionário Público,Digitalização,87.57
1210,2024-04-02,Departamento De Inovação E Digitalização,Email,96.18,93.62,15,5.0,405,Email,2.88,2,Sim,Resposta Rápida E Eficaz,Empresa,Ambiente,95.88
1211,2024-04-19,Direcção De Recursos Humanos,Serviços Digitais,67.48,76.57,91,3.6,217,Presencial,16.40,10,Sim,Falta De Informação,Utilizador Vulnerável,Inovação,64.19
1212,2024-05-06,Departamento De Planeamento Estratégico,Telefone,78.86,81.07,62,3.7,213,Chatbot,14.44,6,Sim,Falta De Informação,Reforma/Pensionista,Educação,73.91
1213,2024-05-23,Serviços De Educação,Chatbot,86.11,85.95,51,4.0,391,Portal,7.52,4,Sim,Muito Satisfeito,Cidadão,Saúde,81.15
1214,2024-06-09,Gabinete De Atendimento Ao Cidadão,Atendimento Presencial,95.89,93.89,14,5.0,377,Aplicacao_Movel,3.07,0,Sim,Serviço Eficiente,Estudante,Social,96.48
1215,2024-06-26,Serviços De Ti,Portal Online,90.53,88.12,39,4.3,416,Telefone,9.40,3,Sim,Muito Satisfeito,Funcionário Público,Cultura,84.44
1216,2024-07-13,Departamento De Saúde Pública,Balcão Único,79.40,84.80,64,3.7,377,Email,16.23,8,Sim,Falta De Informação,Empresa,Mobilidade,72.43
1217,2024-07-30,Direcção De Serviços Financeiros,Email,87.02,89.85,53,4.3,300,Presencial,12.11,5,Sim,Muito Satisfeito,Utilizador Vulnerável,Habitação,80.89
1218,2024-08-27,Departamento De Inovação E Digitalização,Serviços Digitais,81.51,85.66,52,4.0,362,Chatbot,11.68,7,Não,Falta De Informação,Reforma/Pensionista,Digitalização,80.86
1219,2024-09-13,Direcção De Recursos Humanos,Telefone,81.27,81.37,73,3.8,349,Portal,15.56,8,Sim,Muito Satisfeito,Cidadão,Ambiente,71.95
1220,2024-09-30,Departamento De Planeamento Estratégico,Chatbot,88.77,88.87,35,4.5,290,Aplicacao_Movel,6.53,6,Sim,Falta De Informação,Estudante,Inovação,82.26
1221,2024-10-17,Serviços De Educação,Atendimento Presencial,84.83,82.81,66,3.9,341,Telefone,10.94,8,Sim,Muito Satisfeito,Funcionário Público,Educação,75.78
1222,2024-11-03,Gabinete De Atendimento Ao Cidadão,Portal Online,73.05,78.91,62,4.1,392,Email,12.63,10,Sim,Falta De Informação,Empresa,Saúde,70.93
1223,2024-11-20,Serviços De Ti,Balcão Único,72.86,83.31,67,3.9,348,Presencial,13.51,9,Sim,Precisa Melhorias,Utilizador Vulnerável,Social,68.65
1224,2024-12-07,Departamento De Saúde Pública,Email,93.65,87.93,27,4.4,361,Chatbot,5.22,3,Sim,Serviço Eficiente,Reforma/Pensionista,Cultura,87.85
1225,2024-12-24,Direcção De Serviços Financeiros,Serviços Digitais,76.53,80.92,65,3.9,306,Portal,11.64,9,Sim,Muito Satisfeito,Cidadão,Mobilidade,72.03
1226,2024-01-10,Departamento De Inovação E Digitalização,Telefone,81.62,85.62,48,4.3,305,Aplicacao_Movel,11.14,5,Sim,Falta De Informação,Estudante,Habitação,76.26
1227,2024-02-07,Direcção De Recursos Humanos,Chatbot,91.89,91.94,22,4.5,300,Telefone,2.30,0,Não,Excelente Atendimento,Funcionário Público,Digitalização,93.95
1228,2024-02-24,Departamento De Planeamento Estratégico,Atendimento Presencial,75.39,81.66,80,3.7,257,Email,16.77,7,Sim,Precisa Melhorias,Empresa,Ambiente,69.52
1229,2024-03-12,Serviços De Educação,Portal Online,79.71,84.76,58,4.2,351,Presencial,14.39,7,Sim,Muito Satisfeito,Utilizador Vulnerável,Inovação,73.72
1230,2024-03-29,Gabinete De Atendimento Ao Cidadão,Balcão Único,80.93,89.62,42,4.3,415,Chatbot,9.73,4,Sim,Falta De Informação,Reforma/Pensionista,Educação,80.34
1231,2024-04-15,Serviços De Ti,Email,81.63,84.15,52,4.0,229,Portal,10.00,7,Sim,Muito Satisfeito,Cidadão,Saúde,78.62
1232,2024-05-02,Departamento De Saúde Pública,Serviços Digitais,75.45,76.06,81,3.6,235,Aplicacao_Movel,15.13,12,Não,Sistema Lento,Estudante,Social,64.23
1233,2024-05-19,Direcção De Serviços Financeiros,Telefone,96.58,96.35,24,4.5,287,Telefone,1.82,4,Sim,Bom Serviço,Funcionário Público,Cultura,91.62
1234,2024-06-05,Departamento De Inovação E Digitalização,Chatbot,83.17,89.57,35,4.5,350,Email,11.36,4,Sim,Falta De Informação,Empresa,Mobilidade,82.35
1235,2024-06-22,Direcção De Recursos Humanos,Atendimento Presencial,82.19,87.21,54,4.3,301,Presencial,10.28,8,Sim,Muito Satisfeito,Utilizador Vulnerável,Habitação,75.83
1236,2024-07-20,Departamento De Planeamento Estratégico,Portal Online,83.55,87.26,51,3.8,295,Chatbot,11.57,7,Não,Falta De Informação,Reforma/Pensionista,Digitalização,77.80
1237,2024-08-06,Serviços De Educação,Balcão Único,78.17,79.66,63,3.6,316,Portal,14.62,9,Sim,Muito Satisfeito,Cidadão,Ambiente,70.64
1238,2024-08-23,Gabinete De Atendimento Ao Cidadão,Email,85.16,88.32,40,4.5,247,Aplicacao_Movel,7.79,6,Sim,Falta De Informação,Estudante,Inovação,83.02
1239,2024-09-09,Serviços De Ti,Serviços Digitais,87.54,93.05,21,4.7,377,Telefone,4.41,4,Sim,Serviço Eficiente,Funcionário Público,Educação,89.37
1240,2024-09-26,Departamento De Saúde Pública,Telefone,86.73,84.60,55,4.4,300,Email,10.36,4,Sim,Falta De Informação,Empresa,Saúde,80.60
1241,2024-10-13,Direcção De Serviços Financeiros,Chatbot,83.36,87.48,31,4.6,417,Presencial,9.06,6,Sim,Muito Satisfeito,Utilizador Vulnerável,Social,83.49
1242,2024-10-30,Departamento De Inovação E Digitalização,Atendimento Presencial,95.93,89.91,19,4.8,341,Chatbot,4.32,2,Sim,Excelente Atendimento,Reforma/Pensionista,Cultura,90.30
1243,2024-11-16,Direcção De Recursos Humanos,Portal Online,82.39,85.27,63,4.0,316,Portal,14.30,6,Sim,Muito Satisfeito,Cidadão,Mobilidade,76.48
1244,2024-12-03,Departamento De Planeamento Estratégico,Balcão Único,85.53,84.38,41,4.3,339,Aplicacao_Movel,10.48,5,Sim,Falta De Informação,Estudante,Habitação,80.22
1245,2024-12-31,Serviços De Educação,Email,74.41,82.36,68,4.0,250,Telefone,14.89,9,Não,Muito Satisfeito,Funcionário Público,Digitalização,70.62
1246,2024-01-17,Gabinete De Atendimento Ao Cidadão,Serviços Digitais,92.49,88.92,40,4.3,363,Email,4.60,2,Sim,Muito Satisfeito,Empresa,Ambiente,86.98
1247,2024-02-03,Serviços De Ti,Telefone,86.66,86.40,42,4.1,418,Presencial,9.74,5,Sim,Muito Satisfeito,Utilizador Vulnerável,Inovação,82.61
1248,2024-02-20,Departamento De Saúde Pública,Chatbot,78.43,84.48,76,3.7,222,Chatbot,13.68,7,Sim,Falta De Informação,Reforma/Pensionista,Educação,70.10
1249,2024-03-08,Direcção De Serviços Financeiros,Atendimento Presencial,87.14,87.51,39,4.5,409,Portal,6.34,2,Sim,Serviço Eficiente,Cidadão,Saúde,86.52
1250,2024-03-25,Departamento De Inovação E Digitalização,Portal Online,89.11,86.72,40,4.6,388,Aplicacao_Movel,6.40,4,Sim,Falta De Informação,Estudante,Social,84.19
1251,2024-04-11,Direcção De Recursos Humanos,Balcão Único,73.64,80.12,89,3.7,178,Telefone,15.12,9,Não,Falta De Informação,Funcionário Público,Cultura,65.95
1252,2024-04-28,Departamento De Planeamento Estratégico,Email,77.52,80.09,67,3.9,222,Email,16.20,7,Sim,Falta De Informação,Empresa,Mobilidade,72.42
1253,2024-05-15,Serviços De Educação,Serviços Digitais,82.46,82.16,51,4.2,399,Presencial,12.70,7,Sim,Muito Satisfeito,Utilizador Vulnerável,Habitação,75.18
1254,2024-06-12,Gabinete De Atendimento Ao Cidadão,Telefone,88.89,91.78,37,4.4,351,Chatbot,7.53,6,Não,Falta De Informação,Reforma/Pensionista,Digitalização,83.37
1255,2024-06-29,Serviços De Ti,Chatbot,78.87,82.47,63,4.0,220,Portal,13.21,6,Sim,Muito Satisfeito,Cidadão,Ambiente,74.52
1256,2024-07-16,Departamento De Saúde Pública,Atendimento Presencial,76.08,82.05,77,3.5,309,Aplicacao_Movel,15.38,10,Sim,Falta De Informação,Estudante,Inovação,66.72
1257,2024-08-02,Direcção De Serviços Financeiros,Portal Online,73.01,75.45,83,3.4,320,Telefone,20.14,9,Sim,Sistema Lento,Funcionário Público,Educação,63.76
1258,2024-08-19,Departamento De Inovação E Digitalização,Balcão Único,75.83,78.18,67,3.5,337,Email,14.19,8,Sim,Precisa Melhorias,Empresa,Saúde,68.01
1259,2024-09-05,Direcção De Recursos Humanos,Email,72.87,80.85,70,3.5,310,Presencial,14.29,8,Sim,Processo Complicado,Utilizador Vulnerável,Social,67.11
1260,2024-09-22,Departamento De Planeamento Estratégico,Serviços Digitais,66.54,79.72,89,3.4,257,Chatbot,19.08,9,Sim,Tempo De Espera Elevado,Reforma/Pensionista,Cultura,62.73
1261,2024-10-09,Serviços De Educação,Telefone,82.23,85.93,62,3.9,361,Portal,13.42,8,Sim,Muito Satisfeito,Cidadão,Mobilidade,73.63
1262,2024-10-26,Gabinete De Atendimento Ao Cidadão,Chatbot,71.11,78.00,80,3.8,246,Aplicacao_Movel,18.23,10,Sim,Sistema Lento,Estudante,Habitação,68.66
1263,2024-11-23,Serviços De Ti,Atendimento Presencial,71.31,80.48,68,3.7,265,Telefone,13.41,8,Não,Precisa Melhorias,Funcionário Público,Digitalização,68.14
1264,2024-12-10,Departamento De Saúde Pública,Portal Online,74.95,81.29,73,4.0,245,Email,12.63,9,Sim,Falta De Informação,Empresa,Ambiente,72.38
1265,2024-12-27,Direcção De Serviços Financeiros,Balcão Único,75.23,82.54,70,3.8,273,Presencial,14.96,10,Sim,Muito Satisfeito,Utilizador Vulnerável,Inovação,70.56
1266,2024-01-13,Departamento De Inovação E Digitalização,Email,73.90,81.34,83,3.9,271,Chatbot,15.88,9,Sim,Falta De Informação,Reforma/Pensionista,Educação,65.01
1267,2024-01-30,Direcção De Recursos Humanos,Serviços Digitais,74.94,81.80,75,3.8,324,Portal,18.46,8,Não,Sistema Lento,Cidadão,Saúde,66.46
1268,2024-02-16,Departamento De Planeamento Estratégico,Telefone,83.29,87.33,65,4.3,237,Aplicacao_Movel,14.67,7,Sim,Falta De Informação,Estudante,Social,75.01
1269,2024-03-04,Serviços De Educação,Chatbot,82.93,82.78,53,4.0,351,Telefone,14.32,6,Sim,Muito Satisfeito,Funcionário Público,Cultura,74.98
1270,2024-03-21,Gabinete De Atendimento Ao Cidadão,Atendimento Presencial,82.54,88.19,56,4.0,311,Email,9.57,7,Sim,Falta De Informação,Empresa,Mobilidade,76.95
1271,2024-04-07,Serviços De Ti,Portal Online,73.00,82.16,78,3.7,372,Presencial,18.35,11,Não,Falta De Informação,Utilizador Vulnerável,Habitação,65.83
1272,2024-05-05,Departamento De Saúde Pública,Balcão Único,79.74,83.44,76,3.8,285,Chatbot,14.74,9,Não,Falta De Informação,Reforma/Pensionista,Digitalização,70.59
1273,2024-05-22,Direcção De Serviços Financeiros,Email,72.63,79.96,83,3.7,190,Portal,20.62,11,Não,Precisa Melhorias,Cidadão,Ambiente,63.15
1274,2024-06-08,Departamento De Inovação E Digitalização,Serviços Digitais,80.79,85.09,66,3.8,289,Aplicacao_Movel,14.72,9,Sim,Falta De Informação,Estudante,Inovação,72.20
1275,2024-06-25,Direcção De Recursos Humanos,Telefone,81.82,85.36,53,4.4,343,Telefone,8.38,4,Sim,Muito Satisfeito,Funcionário Público,Educação,79.93
1276,2024-07-12,Departamento De Planeamento Estratégico,Chatbot,79.58,87.10,58,4.2,350,Email,10.05,7,Sim,Falta De Informação,Empresa,Saúde,79.29
1277,2024-07-29,Serviços De Educação,Atendimento Presencial,77.13,85.22,75,4.1,226,Presencial,11.65,8,Sim,Muito Satisfeito,Utilizador Vulnerável,Social,72.01
1278,2024-08-15,Gabinete De Atendimento Ao Cidadão,Portal Online,75.74,81.64,67,3.6,356,Chatbot,14.81,7,Sim,Falta De Informação,Reforma/Pensionista,Cultura,70.24
1279,2024-09-01,Serviços De Ti,Balcão Único,72.03,74.51,92,3.4,206,Portal,18.76,10,Não,Processo Complicado,Cidadão,Mobilidade,61.20
1280,2024-09-18,Departamento De Saúde Pública,Email,86.05,83.87,43,4.2,340,Aplicacao_Movel,11.40,6,Sim,Falta De Informação,Estudante,Habitação,79.51
1281,2024-10-16,Direcção De Serviços Financeiros,Serviços Digitais,83.85,85.81,57,3.9,299,Telefone,11.17,6,Não,Muito Satisfeito,Funcionário Público,Digitalização,78.30
1282,2024-11-02,Departamento De Inovação E Digitalização,Telefone,70.63,77.82,85,3.6,320,Email,17.05,9,Sim,Sistema Lento,Empresa,Ambiente,62.66
1283,2024-11-19,Direcção De Recursos Humanos,Chatbot,82.00,84.03,72,4.0,224,Presencial,13.40,7,Sim,Muito Satisfeito,Utilizador Vulnerável,Inovação,72.06
1284,2024-12-06,Departamento De Planeamento Estratégico,Atendimento Presencial,90.43,91.51,25,4.3,426,Chatbot,6.29,2,Sim,Serviço Eficiente,Reforma/Pensionista,Educação,86.80
1285,2024-12-23,Serviços De Educação,Portal Online,78.65,83.61,57,4.0,268,Portal,13.96,7,Sim,Muito Satisfeito,Cidadão,Saúde,74.14
1286,2024-01-09,Gabinete De Atendimento Ao Cidadão,Balcão Único,83.75,84.21,62,3.9,218,Aplicacao_Movel,11.30,8,Sim,Falta De Informação,Estudante,Social,77.59
1287,2024-01-26,Serviços De Ti,Email,70.10,79.15,95,3.6,284,Telefone,17.80,11,Sim,Sistema Lento,Funcionário Público,Cultura,62.96
1288,2024-02-12,Departamento De Saúde Pública,Serviços Digitais,83.71,87.07,55,4.3,383,Email,13.95,8,Sim,Falta De Informação,Empresa,Mobilidade,77.42
1289,2024-02-29,Direcção De Serviços Financeiros,Telefone,65.00,74.98,100,3.3,227,Presencial,20.21,11,Não,Processo Complicado,Utilizador Vulnerável,Habitação,58.24
1290,2024-03-28,Departamento De Inovação E Digitalização,Chatbot,80.08,82.39,60,4.2,250,Chatbot,12.47,6,Não,Falta De Informação,Reforma/Pensionista,Digitalização,75.92
1291,2024-04-14,Direcção De Recursos Humanos,Atendimento Presencial,73.40,76.65,92,3.8,173,Portal,19.33,11,Sim,Falta De Informação,Cidadão,Ambiente,64.30
1292,2024-05-01,Departamento De Planeamento Estratégico,Portal Online,79.37,83.10,69,4.1,365,Aplicacao_Movel,16.17,8,Sim,Falta De Informação,Estudante,Inovação,70.72
1293,2024-05-18,Serviços De Educação,Balcão Único,83.95,89.09,37,4.0,270,Telefone,7.73,4,Sim,Muito Satisfeito,Funcionário Público,Educação,80.94
1294,2024-06-04,Gabinete De Atendimento Ao Cidadão,Email,76.16,80.28,77,3.7,230,Email,18.02,8,Sim,Processo Complicado,Empresa,Saúde,68.80
1295,2024-06-21,Serviços De Ti,Serviços Digitais,75.69,83.70,73,4.0,244,Presencial,16.61,6,Sim,Muito Satisfeito,Utilizador Vulnerável,Social,71.65
1296,2024-07-08,Departamento De Saúde Pública,Telefone,81.76,84.52,58,4.4,359,Chatbot,11.87,6,Sim,Falta De Informação,Reforma/Pensionista,Cultura,78.72
1297,2024-07-25,Direcção De Serviços Financeiros,Chatbot,80.34,84.84,57,4.1,324,Portal,10.55,6,Sim,Muito Satisfeito,Cidadão,Mobilidade,75.51
1298,2024-08-11,Departamento De Inovação E Digitalização,Atendimento Presencial,77.76,86.11,56,3.8,369,Aplicacao_Movel,12.32,8,Sim,Falta De Informação,Estudante,Habitação,75.63
1299,2024-09-08,Direcção De Recursos Humanos,Portal Online,75.71,82.06,74,3.6,327,Telefone,16.43,11,Não,Processo Complicado,Funcionário Público,Digitalização,66.92
1300,2024-09-25,Departamento De Planeamento Estratégico,Balcão Único,88.31,91.37,35,4.3,384,Email,4.13,3,Sim,Resposta Rápida E Eficaz,Empresa,Ambiente,86.95
1301,2024-10-12,Serviços De Educação,Email,76.05,79.21,78,3.7,239,Presencial,13.00,8,Sim,Muito Satisfeito,Utilizador Vulnerável,Inovação,70.63
1302,2024-10-29,Gabinete De Atendimento Ao Cidadão,Serviços Digitais,65.44,72.82,109,3.1,315,Chatbot,24.83,14,Não,Sistema Lento,Reforma/Pensionista,Educação,52.50
1303,2024-11-15,Serviços De Ti,Telefone,89.13,89.06,38,4.6,369,Portal,6.98,5,Sim,Muito Satisfeito,Cidadão,Saúde,85.02
1304,2024-12-02,Departamento De Saúde Pública,Chatbot,70.82,73.49,99,3.4,291,Aplicacao_Movel,17.83,13,Não,Processo Complicado,Estudante,Social,58.67
1305,2024-12-19,Direcção De Serviços Financeiros,Atendimento Presencial,82.25,87.88,39,4.1,419,Telefone,10.55,6,Sim,Muito Satisfeito,Funcionário Público,Cultura,80.76
1306,2024-01-05,Departamento De Inovação E Digitalização,Portal Online,89.32,91.06,34,4.3,276,Email,6.77,5,Sim,Falta De Informação,Empresa,Mobilidade,83.16
1307,2024-01-22,Direcção De Recursos Humanos,Balcão Único,73.57,76.78,80,3.5,308,Presencial,17.09,9,Sim,Sistema Lento,Utilizador Vulnerável,Habitação,66.02
1308,2024-02-19,Departamento De Planeamento Estratégico,Email,85.57,90.28,48,4.2,330,Chatbot,9.76,5,Não,Falta De Informação,Reforma/Pensionista,Digitalização,83.40
1309,2024-03-07,Serviços De Educação,Serviços Digitais,73.42,80.49,76,3.8,358,Portal,13.05,7,Sim,Processo Complicado,Cidadão,Ambiente,68.64
1310,2024-03-24,Gabinete De Atendimento Ao Cidadão,Telefone,78.64,85.48,50,3.8,217,Aplicacao_Movel,12.69,8,Sim,Falta De Informação,Estudante,Inovação,76.52
1311,2024-04-10,Serviços De Ti,Chatbot,71.37,77.34,97,3.5,328,Telefone,18.77,12,Não,Falta De Informação,Funcionário Público,Educação,62.88
1312,2024-04-27,Departamento De Saúde Pública,Atendimento Presencial,78.94,84.62,67,4.1,385,Email,13.50,8,Sim,Falta De Informação,Empresa,Saúde,74.98
1313,2024-05-14,Direcção De Serviços Financeiros,Portal Online,84.21,83.09,53,4.0,280,Presencial,12.79,7,Sim,Muito Satisfeito,Utilizador Vulnerável,Social,77.59
1314,2024-05-31,Departamento De Inovação E Digitalização,Balcão Único,84.84,87.29,60,4.3,299,Chatbot,10.48,7,Sim,Falta De Informação,Reforma/Pensionista,Cultura,76.66
1315,2024-06-17,Direcção De Recursos Humanos,Email,62.42,70.41,118,3.3,231,Portal,20.76,12,Não,Tempo De Espera Elevado,Cidadão,Mobilidade,53.35
1316,2024-07-04,Departamento De Planeamento Estratégico,Serviços Digitais,84.97,89.74,46,4.2,328,Aplicacao_Movel,10.59,6,Sim,Falta De Informação,Estudante,Habitação,79.83
1317,2024-08-01,Serviços De Educação,Telefone,84.74,87.43,63,4.2,273,Telefone,10.61,7,Não,Muito Satisfeito,Funcionário Público,Digitalização,77.17
1318,2024-08-18,Gabinete De Atendimento Ao Cidadão,Chatbot,89.90,90.97,42,4.0,347,Email,11.24,4,Sim,Falta De Informação,Empresa,Ambiente,81.97
1319,2024-09-04,Serviços De Ti,Atendimento Presencial,84.96,87.17,47,4.1,415,Presencial,11.15,7,Sim,Muito Satisfeito,Utilizador Vulnerável,Inovação,76.96
1320,2024-09-21,Departamento De Saúde Pública,Portal Online,65.18,73.88,97,3.1,175,Chatbot,21.68,14,Não,Tempo De Espera Elevado,Reforma/Pensionista,Educação,55.96
1321,2024-10-08,Direcção De Serviços Financeiros,Balcão Único,73.81,78.30,72,3.7,376,Portal,15.85,9,Não,Falta De Informação,Cidadão,Saúde,68.32
1322,2024-10-25,Departamento De Inovação E Digitalização,Email,63.61,72.88,112,3.2,213,Aplicacao_Movel,21.29,14,Não,Sistema Lento,Estudante,Social,52.30
1323,2024-11-11,Direcção De Recursos Humanos,Serviços Digitais,67.47,75.18,96,3.1,253,Telefone,19.19,14,Não,Precisa Melhorias,Funcionário Público,Cultura,56.77
1324,2024-11-28,Departamento De Planeamento Estratégico,Telefone,92.15,90.30,28,4.6,342,Email,5.52,3,Sim,Serviço Eficiente,Empresa,Mobilidade,85.38
1325,2024-12-15,Serviços De Educação,Chatbot,70.92,79.06,86,3.4,201,Presencial,18.38,12,Sim,Tempo De Espera Elevado,Utilizador Vulnerável,Habitação,63.82
1326,2024-01-12,Gabinete De Atendimento Ao Cidadão,Atendimento Presencial,72.44,81.69,77,3.8,264,Chatbot,18.03,11,Não,Falta De Informação,Reforma/Pensionista,Digitalização,67.07
1327,2024-01-29,Serviços De Ti,Portal Online,75.64,79.24,81,3.6,207,Portal,14.40,8,Sim,Sistema Lento,Cidadão,Ambiente,68.45
1328,2024-02-15,Departamento De Saúde Pública,Balcão Único,70.57,77.70,83,3.6,292,Aplicacao_Movel,20.64,12,Não,Precisa Melhorias,Estudante,Inovação,62.56
1329,2024-03-03,Direcção De Serviços Financeiros,Email,80.61,85.02,55,3.8,319,Telefone,11.63,8,Sim,Muito Satisfeito,Funcionário Público,Educação,75.42
1330,2024-03-20,Departamento De Inovação E Digitalização,Serviços Digitais,71.34,77.74,74,3.9,320,Email,18.28,11,Não,Tempo De Espera Elevado,Empresa,Saúde,68.01
1331,2024-04-06,Direcção De Recursos Humanos,Telefone,73.00,79.01,90,3.3,216,Presencial,20.20,11,Não,Falta De Informação,Utilizador Vulnerável,Social,61.30
1332,2024-04-23,Departamento De Planeamento Estratégico,Chatbot,75.15,77.73,86,3.6,256,Chatbot,18.77,11,Não,Sistema Lento,Reforma/Pensionista,Cultura,64.54
1333,2024-05-10,Serviços De Educação,Atendimento Presencial,80.41,86.52,63,3.8,312,Portal,10.75,8,Sim,Muito Satisfeito,Cidadão,Mobilidade,76.45
1334,2024-05-27,Gabinete De Atendimento Ao Cidadão,Portal Online,81.57,83.63,64,3.8,368,Aplicacao_Movel,10.69,5,Sim,Falta De Informação,Estudante,Habitação,76.94
1335,2024-06-24,Serviços De Ti,Balcão Único,73.79,77.10,90,3.8,179,Telefone,20.71,11,Não,Tempo De Espera Elevado,Funcionário Público,Digitalização,62.91
1336,2024-07-11,Departamento De Saúde Pública,Email,67.50,77.37,84,3.6,168,Email,20.43,12,Não,Falta De Informação,Empresa,Ambiente,62.27
1337,2024-07-28,Direcção De Serviços Financeiros,Serviços Digitais,82.72,88.61,39,4.3,246,Presencial,11.41,7,Sim,Muito Satisfeito,Utilizador Vulnerável,Inovação,82.01
1338,2024-08-14,Departamento De Inovação E Digitalização,Telefone,84.09,83.42,63,3.7,216,Chatbot,15.14,7,Sim,Falta De Informação,Reforma/Pensionista,Educação,75.37
1339,2024-08-31,Direcção De Recursos Humanos,Chatbot,79.98,80.62,66,3.8,389,Portal,14.65,6,Não,Muito Satisfeito,Cidadão,Saúde,71.43
1340,2024-09-17,Departamento De Planeamento Estratégico,Atendimento Presencial,73.30,78.38,78,3.5,207,Aplicacao_Movel,17.02,10,Sim,Tempo De Espera Elevado,Estudante,Social,66.17
1341,2024-10-04,Serviços De Educação,Portal Online,80.91,79.98,65,3.8,208,Telefone,14.17,7,Sim,Muito Satisfeito,Funcionário Público,Cultura,71.72
1342,2024-10-21,Gabinete De Atendimento Ao Cidadão,Balcão Único,85.12,88.66,38,4.1,296,Email,7.84,5,Sim,Falta De Informação,Empresa,Mobilidade,80.68
1343,2024-11-07,Serviços De Ti,Email,77.90,82.68,66,4.1,215,Presencial,13.54,7,Sim,Muito Satisfeito,Utilizador Vulnerável,Habitação,75.35
1344,2024-12-05,Departamento De Saúde Pública,Serviços Digitais,71.03,76.83,97,3.4,191,Chatbot,17.64,11,Não,Processo Complicado,Reforma/Pensionista,Digitalização,62.32
1345,2024-12-22,Direcção De Serviços Financeiros,Telefone,81.71,88.18,47,4.2,249,Portal,13.78,6,Sim,Muito Satisfeito,Cidadão,Ambiente,76.78
1346,2024-01-08,Departamento De Inovação E Digitalização,Chatbot,81.89,81.52,58,3.9,208,Aplicacao_Movel,15.18,8,Sim,Falta De Informação,Estudante,Inovação,73.42
1347,2024-01-25,Direcção De Recursos Humanos,Atendimento Presencial,76.69,79.97,85,3.7,243,Telefone,14.85,10,Sim,Sistema Lento,Funcionário Público,Educação,65.73
1348,2024-02-11,Departamento De Planeamento Estratégico,Portal Online,71.07,77.09,100,3.2,358,Email,19.66,11,Não,Precisa Melhorias,Empresa,Saúde,60.64
1349,2024-02-28,Serviços De Educação,Balcão Único,74.45,79.29,71,3.8,342,Presencial,14.58,10,Sim,Processo Complicado,Utilizador Vulnerável,Social,69.34
1350,2024-03-16,Gabinete De Atendimento Ao Cidadão,Email,77.68,82.51,66,3.8,408,Chatbot,11.98,8,Sim,Falta De Informação,Reforma/Pensionista,Cultura,75.82
1351,2024-04-02,Serviços De Ti,Serviços Digitais,79.45,82.31,56,4.1,208,Portal,13.06,7,Sim,Muito Satisfeito,Cidadão,Mobilidade,74.56
1352,2024-04-19,Departamento De Saúde Pública,Telefone,82.08,83.45,55,3.9,260,Aplicacao_Movel,10.59,7,Sim,Falta De Informação,Estudante,Habitação,78.21
1353,2024-05-17,Direcção De Serviços Financeiros,Chatbot,79.72,81.97,54,4.1,381,Telefone,14.82,7,Não,Muito Satisfeito,Funcionário Público,Digitalização,74.38
1354,2024-06-03,Departamento De Inovação E Digitalização,Atendimento Presencial,79.78,88.89,44,4.1,380,Email,12.18,5,Sim,Falta De Informação,Empresa,Ambiente,79.37
1355,2024-06-20,Direcção De Recursos Humanos,Portal Online,84.49,84.26,58,4.1,315,Presencial,10.48,6,Sim,Muito Satisfeito,Utilizador Vulnerável,Inovação,78.30
1356,2024-07-07,Departamento De Planeamento Estratégico,Balcão Único,80.49,80.82,62,3.8,224,Chatbot,10.98,7,Sim,Falta De Informação,Reforma/Pensionista,Educação,74.82
1357,2024-07-24,Serviços De Educação,Email,72.83,79.92,92,3.7,220,Portal,20.08,9,Não,Sistema Lento,Cidadão,Saúde,61.59
1358,2024-08-10,Gabinete De Atendimento Ao Cidadão,Serviços Digitais,81.77,88.01,50,4.1,233,Aplicacao_Movel,8.33,6,Sim,Falta De Informação,Estudante,Social,79.20
1359,2024-08-27,Serviços De Ti,Telefone,71.73,76.03,93,3.7,339,Telefone,16.53,11,Não,Processo Complicado,Funcionário Público,Cultura,62.77
1360,2024-09-13,Departamento De Saúde Pública,Chatbot,93.04,87.97,32,4.3,350,Email,7.15,5,Sim,Resposta Rápida E Eficaz,Empresa,Mobilidade,86.93
1361,2024-09-30,Direcção De Serviços Financeiros,Atendimento Presencial,85.05,89.64,42,4.3,393,Presencial,7.21,5,Sim,Muito Satisfeito,Utilizador Vulnerável,Habitação,81.85
1362,2024-10-28,Departamento De Inovação E Digitalização,Portal Online,82.01,87.81,40,4.0,288,Chatbot,8.48,4,Não,Falta De Informação,Reforma/Pensionista,Digitalização,82.07
1363,2024-11-14,Direcção De Recursos Humanos,Balcão Único,82.84,86.89,56,4.2,389,Portal,14.39,7,Sim,Muito Satisfeito,Cidadão,Ambiente,74.83
1364,2024-12-01,Departamento De Planeamento Estratégico,Email,75.56,79.05,74,3.9,209,Aplicacao_Movel,19.28,11,Sim,Processo Complicado,Estudante,Inovação,66.84
1365,2024-12-18,Serviços De Educação,Serviços Digitais,71.13,77.95,82,3.4,242,Telefone,16.27,9,Não,Tempo De Espera Elevado,Funcionário Público,Educação,63.17
1366,2024-01-04,Gabinete De Atendimento Ao Cidadão,Telefone,72.74,79.76,80,3.5,380,Email,15.17,10,Não,Falta De Informação,Empresa,Saúde,70.27
1367,2024-01-21,Serviços De Ti,Chatbot,79.86,80.40,66,3.8,326,Presencial,13.11,9,Sim,Muito Satisfeito,Utilizador Vulnerável,Social,70.79
1368,2024-02-07,Departamento De Saúde Pública,Atendimento Presencial,84.93,87.16,38,4.2,350,Chatbot,7.91,4,Sim,Falta De Informação,Reforma/Pensionista,Cultura,80.57
1369,2024-02-24,Direcção De Serviços Financeiros,Portal Online,90.74,87.33,31,4.3,303,Portal,9.09,5,Sim,Serviço Eficiente,Cidadão,Mobilidade,86.72
1370,2024-03-12,Departamento De Inovação E Digitalização,Balcão Único,75.52,81.96,81,3.8,373,Aplicacao_Movel,14.41,9,Sim,Tempo De Espera Elevado,Estudante,Habitação,69.01
1371,2024-04-09,Direcção De Recursos Humanos,Email,77.59,82.78,59,4.0,296,Telefone,14.30,7,Não,Muito Satisfeito,Funcionário Público,Digitalização,72.34
1372,2024-04-26,Departamento De Planeamento Estratégico,Serviços Digitais,81.71,83.94,51,4.2,273,Email,11.51,4,Sim,Falta De Informação,Empresa,Ambiente,78.27
1373,2024-05-13,Serviços De Educação,Telefone,71.54,81.52,88,3.7,241,Presencial,17.05,9,Não,Precisa Melhorias,Utilizador Vulnerável,Inovação,65.88
1374,2024-05-30,Gabinete De Atendimento Ao Cidadão,Chatbot,87.09,86.11,39,4.4,334,Chatbot,8.40,4,Sim,Falta De Informação,Reforma/Pensionista,Educação,81.58
1375,2024-06-16,Serviços De Ti,Atendimento Presencial,78.57,86.80,65,3.8,280,Portal,12.89,7,Sim,Muito Satisfeito,Cidadão,Saúde,75.37
1376,2024-07-03,Departamento De Saúde Pública,Portal Online,83.65,85.78,30,4.2,374,Aplicacao_Movel,7.01,6,Sim,Falta De Informação,Estudante,Social,83.89
1377,2024-07-20,Direcção De Serviços Financeiros,Balcão Único,84.16,87.48,45,4.3,243,Telefone,5.82,3,Sim,Muito Satisfeito,Funcionário Público,Cultura,83.85
1378,2024-08-06,Departamento De Inovação E Digitalização,Email,80.85,79.22,72,4.0,220,Email,16.62,8,Sim,Falta De Informação,Empresa,Mobilidade,71.38
1379,2024-08-23,Direcção De Recursos Humanos,Serviços Digitais,85.12,85.06,60,4.2,368,Presencial,12.18,5,Sim,Muito Satisfeito,Utilizador Vulnerável,Habitação,78.01
1380,2024-09-20,Departamento De Planeamento Estratégico,Telefone,80.76,82.21,72,3.7,286,Chatbot,15.80,9,Não,Falta De Informação,Reforma/Pensionista,Digitalização,73.07
1381,2024-10-07,Serviços De Educação,Chatbot,75.69,83.75,72,4.0,287,Portal,18.31,10,Sim,Falta De Informação,Cidadão,Ambiente,68.79
1382,2024-10-24,Gabinete De Atendimento Ao Cidadão,Atendimento Presencial,68.81,77.13,88,3.5,366,Aplicacao_Movel,21.23,12,Não,Sistema Lento,Estudante,Inovação,62.64
1383,2024-11-10,Serviços De Ti,Portal Online,83.64,88.71,47,4.5,260,Telefone,10.27,3,Sim,Muito Satisfeito,Funcionário Público,Educação,82.82
1384,2024-11-27,Departamento De Saúde Pública,Balcão Único,70.14,75.63,79,3.8,361,Email,17.43,10,Não,Processo Complicado,Empresa,Saúde,65.04
1385,2024-12-14,Direcção De Serviços Financeiros,Email,78.20,81.18,72,3.9,197,Presencial,15.20,10,Sim,Muito Satisfeito,Utilizador Vulnerável,Social,71.26
1386,2024-12-31,Departamento De Inovação E Digitalização,Serviços Digitais,71.54,82.68,76,3.5,290,Chatbot,18.56,8,Sim,Falta De Informação,Reforma/Pensionista,Cultura,67.36
1387,2024-01-17,Direcção De Recursos Humanos,Telefone,84.22,86.81,44,4.4,308,Portal,7.41,5,Sim,Muito Satisfeito,Cidadão,Mobilidade,82.62
1388,2024-02-03,Departamento De Planeamento Estratégico,Chatbot,85.76,87.42,48,4.3,275,Aplicacao_Movel,13.42,6,Sim,Falta De Informação,Estudante,Habitação,76.83
1389,2024-03-02,Serviços De Educação,Atendimento Presencial,89.28,88.66,30,4.6,357,Telefone,7.61,5,Não,Serviço Eficiente,Funcionário Público,Digitalização,85.93
1390,2024-03-19,Gabinete De Atendimento Ao Cidadão,Portal Online,71.44,79.42,92,3.6,177,Email,15.18,11,Não,Tempo De Espera Elevado,Empresa,Ambiente,64.96
1391,2024-04-05,Serviços De Ti,Balcão Único,87.48,92.25,41,4.3,321,Presencial,7.95,5,Sim,Muito Satisfeito,Utilizador Vulnerável,Inovação,84.79
1392,2024-04-22,Departamento De Saúde Pública,Email,84.40,85.76,66,4.0,261,Chatbot,9.66,7,Sim,Falta De Informação,Reforma/Pensionista,Educação,75.21
1393,2024-05-09,Direcção De Serviços Financeiros,Serviços Digitais,85.98,87.21,39,4.5,298,Portal,7.01,5,Sim,Muito Satisfeito,Cidadão,Saúde,82.31
1394,2024-05-26,Departamento De Inovação E Digitalização,Telefone,90.29,95.21,18,4.6,351,Aplicacao_Movel,5.33,2,Sim,Serviço Eficiente,Estudante,Social,90.30
1395,2024-06-12,Direcção De Recursos Humanos,Chatbot,91.68,89.73,26,4.7,390,Telefone,5.82,4,Sim,Resposta Rápida E Eficaz,Funcionário Público,Cultura,86.20
1396,2024-06-29,Departamento De Planeamento Estratégico,Atendimento Presencial,89.01,87.25,43,4.4,334,Email,11.10,5,Sim,Falta De Informação,Empresa,Mobilidade,83.42
1397,2024-07-16,Serviços De Educação,Portal Online,86.94,87.09,48,3.9,337,Presencial,9.83,4,Sim,Muito Satisfeito,Utilizador Vulnerável,Habitação,79.32
1398,2024-08-13,Gabinete De Atendimento Ao Cidadão,Balcão Único,63.14,73.23,106,3.0,160,Chatbot,22.28,14,Não,Precisa Melhorias,Reforma/Pensionista,Digitalização,55.11
1399,2024-08-30,Serviços De Ti,Email,82.21,88.70,39,4.1,398,Portal,7.42,5,Sim,Muito Satisfeito,Cidadão,Ambiente,80.80
1400,2024-09-16,Departamento De Saúde Pública,Serviços Digitais,71.03,75.89,84,3.7,179,Aplicacao_Movel,15.87,9,Não,Tempo De Espera Elevado,Estudante,Inovação,63.44
1401,2024-10-03,Direcção De Serviços Financeiros,Telefone,67.22,78.35,90,3.6,278,Telefone,20.69,10,Não,Falta De Informação,Funcionário Público,Educação,63.68
1402,2024-10-20,Departamento De Inovação E Digitalização,Chatbot,73.56,82.21,78,4.1,195,Email,14.32,9,Sim,Falta De Informação,Empresa,Saúde,70.55
1403,2024-11-06,Direcção De Recursos Humanos,Atendimento Presencial,83.47,87.70,54,3.8,361,Presencial,14.65,6,Sim,Muito Satisfeito,Utilizador Vulnerável,Social,75.78
1404,2024-11-23,Departamento De Planeamento Estratégico,Portal Online,63.16,76.83,113,3.2,314,Chatbot,20.37,14,Não,Processo Complicado,Reforma/Pensionista,Cultura,56.12
1405,2024-12-10,Serviços De Educação,Balcão Único,71.88,78.17,85,3.6,203,Portal,19.01,12,Não,Tempo De Espera Elevado,Cidadão,Mobilidade,60.16
1406,2024-12-27,Gabinete De Atendimento Ao Cidadão,Email,85.91,91.93,31,4.2,284,Aplicacao_Movel,9.52,5,Sim,Falta De Informação,Estudante,Habitação,83.70
1407,2024-01-24,Serviços De Ti,Serviços Digitais,89.74,93.00,27,4.6,381,Telefone,6.57,3,Não,Excelente Atendimento,Funcionário Público,Digitalização,89.83
1408,2024-02-10,Departamento De Saúde Pública,Telefone,84.62,87.07,40,4.2,406,Email,7.90,6,Sim,Falta De Informação,Empresa,Ambiente,83.53
1409,2024-02-27,Direcção De Serviços Financeiros,Chatbot,81.98,82.24,60,4.2,267,Presencial,14.11,8,Sim,Muito Satisfeito,Utilizador Vulnerável,Inovação,76.48
1410,2024-03-15,Departamento De Inovação E Digitalização,Atendimento Presencial,85.14,88.80,36,4.3,341,Chatbot,4.80,3,Sim,Resposta Rápida E Eficaz,Reforma/Pensionista,Educação,85.62
1411,2024-04-01,Direcção De Recursos Humanos,Portal Online,67.38,78.55,91,3.2,205,Portal,20.59,11,Não,Falta De Informação,Cidadão,Saúde,60.70
1412,2024-04-18,Departamento De Planeamento Estratégico,Balcão Único,82.18,85.64,50,4.2,378,Aplicacao_Movel,10.79,5,Sim,Falta De Informação,Estudante,Social,78.82
1413,2024-05-05,Serviços De Educação,Email,87.14,83.85,40,4.1,371,Telefone,7.26,7,Sim,Muito Satisfeito,Funcionário Público,Cultura,80.31
1414,2024-05-22,Gabinete De Atendimento Ao Cidadão,Serviços Digitais,77.11,85.50,60,4.0,210,Email,14.69,8,Sim,Falta De Informação,Empresa,Mobilidade,74.03
1415,2024-06-08,Serviços De Ti,Telefone,96.93,93.56,19,4.9,328,Presencial,3.90,0,Sim,Resposta Rápida E Eficaz,Utilizador Vulnerável,Habitação,94.15
1416,2024-07-06,Departamento De Saúde Pública,Chatbot,67.75,76.01,83,3.6,321,Chatbot,17.35,11,Não,Falta De Informação,Reforma/Pensionista,Digitalização,61.88
1417,2024-07-23,Direcção De Serviços Financeiros,Atendimento Presencial,73.38,77.45,81,3.7,268,Portal,18.85,9,Não,Sistema Lento,Cidadão,Ambiente,65.07
1418,2024-08-09,Departamento De Inovação E Digitalização,Portal Online,90.41,85.12,43,4.3,337,Aplicacao_Movel,9.27,7,Sim,Falta De Informação,Estudante,Inovação,82.68
1419,2024-08-26,Direcção De Recursos Humanos,Balcão Único,77.39,77.34,86,3.5,297,Telefone,17.94,9,Sim,Processo Complicado,Funcionário Público,Educação,67.24
1420,2024-09-12,Departamento De Planeamento Estratégico,Email,73.48,76.15,75,3.8,270,Email,15.83,10,Não,Tempo De Espera Elevado,Empresa,Saúde,64.82
1421,2024-09-29,Serviços De Educação,Serviços Digitais,86.10,89.79,44,4.2,360,Presencial,9.41,7,Sim,Muito Satisfeito,Utilizador Vulnerável,Social,79.65
1422,2024-10-16,Gabinete De Atendimento Ao Cidadão,Telefone,88.11,86.69,42,4.6,399,Chatbot,8.17,5,Sim,Excelente Atendimento,Reforma/Pensionista,Cultura,85.81
1423,2024-11-02,Serviços De Ti,Chatbot,70.34,74.52,94,3.5,319,Portal,21.95,11,Não,Precisa Melhorias,Cidadão,Mobilidade,59.30
1424,2024-11-19,Departamento De Saúde Pública,Atendimento Presencial,74.85,81.13,72,3.5,292,Aplicacao_Movel,14.66,10,Não,Falta De Informação,Estudante,Habitação,70.38
1425,2024-12-17,Direcção De Serviços Financeiros,Portal Online,80.12,84.25,57,4.2,225,Telefone,14.01,9,Não,Muito Satisfeito,Funcionário Público,Digitalização,74.97
1426,2024-01-03,Departamento De Inovação E Digitalização,Balcão Único,84.11,86.72,52,4.0,374,Email,11.27,6,Sim,Falta De Informação,Empresa,Ambiente,81.10
1427,2024-01-20,Direcção De Recursos Humanos,Email,71.94,77.97,77,3.5,278,Presencial,13.38,9,Sim,Sistema Lento,Utilizador Vulnerável,Inovação,69.77
1428,2024-02-06,Departamento De Planeamento Estratégico,Serviços Digitais,90.17,90.35,34,4.6,240,Chatbot,9.32,4,Sim,Falta De Informação,Reforma/Pensionista,Educação,82.50
1429,2024-02-23,Serviços De Educação,Telefone,84.06,86.40,44,4.3,368,Portal,10.80,4,Sim,Muito Satisfeito,Cidadão,Saúde,82.86
1430,2024-03-11,Gabinete De Atendimento Ao Cidadão,Chatbot,87.01,84.84,41,4.2,355,Aplicacao_Movel,10.27,5,Sim,Falta De Informação,Estudante,Social,79.29
1431,2024-03-28,Serviços De Ti,Atendimento Presencial,91.32,89.86,30,4.7,327,Telefone,7.46,4,Sim,Muito Satisfeito,Funcionário Público,Cultura,89.53
1432,2024-04-14,Departamento De Saúde Pública,Portal Online,67.80,75.77,78,3.5,332,Email,18.74,10,Sim,Sistema Lento,Empresa,Mobilidade,64.28
1433,2024-05-01,Direcção De Serviços Financeiros,Balcão Único,79.39,84.21,60,4.1,259,Presencial,13.33,8,Sim,Muito Satisfeito,Utilizador Vulnerável,Habitação,73.68
1434,2024-05-29,Departamento De Inovação E Digitalização,Email,86.25,86.98,36,4.5,396,Chatbot,7.96,4,Não,Falta De Informação,Reforma/Pensionista,Digitalização,83.89
1435,2024-06-15,Direcção De Recursos Humanos,Serviços Digitais,65.82,77.28,102,3.2,265,Portal,19.43,13,Não,Tempo De Espera Elevado,Cidadão,Ambiente,58.68
1436,2024-07-02,Departamento De Planeamento Estratégico,Telefone,69.20,75.65,92,3.5,347,Aplicacao_Movel,20.04,11,Não,Falta De Informação,Estudante,Inovação,62.77
1437,2024-07-19,Serviços De Educação,Chatbot,94.62,95.38,1,5.0,454,Telefone,0.76,0,Sim,Excelente Atendimento,Funcionário Público,Educação,98.48
1438,2024-08-05,Gabinete De Atendimento Ao Cidadão,Atendimento Presencial,89.24,88.64,42,4.3,429,Email,7.38,4,Sim,Bom Serviço,Empresa,Saúde,85.38
1439,2024-08-22,Serviços De Ti,Portal Online,76.18,80.76,63,3.7,380,Presencial,14.62,7,Sim,Muito Satisfeito,Utilizador Vulnerável,Social,74.40
1440,2024-09-08,Departamento De Saúde Pública,Balcão Único,88.88,95.18,32,4.8,407,Chatbot,4.34,2,Sim,Resposta Rápida E Eficaz,Reforma/Pensionista,Cultura,90.43
1441,2024-09-25,Direcção De Serviços Financeiros,Email,71.36,78.23,80,3.5,332,Portal,16.17,11,Não,Falta De Informação,Cidadão,Mobilidade,64.88
1442,2024-10-12,Departamento De Inovação E Digitalização,Serviços Digitais,89.19,89.03,49,4.1,278,Aplicacao_Movel,8.36,4,Sim,Falta De Informação,Estudante,Habitação,82.60
1443,2024-11-09,Direcção De Recursos Humanos,Telefone,75.46,83.07,75,3.6,290,Telefone,15.23,8,Não,Precisa Melhorias,Funcionário Público,Digitalização,69.26
1444,2024-11-26,Departamento De Planeamento Estratégico,Chatbot,82.96,89.05,51,4.1,348,Email,8.27,3,Sim,Falta De Informação,Empresa,Ambiente,82.26
1445,2024-12-13,Serviços De Educação,Atendimento Presencial,96.22,89.95,18,4.8,360,Presencial,5.92,4,Sim,Resposta Rápida E Eficaz,Utilizador Vulnerável,Inovação,91.37
1446,2024-12-30,Gabinete De Atendimento Ao Cidadão,Portal Online,95.49,90.40,23,4.7,312,Chatbot,2.94,3,Sim,Muito Satisfeito,Reforma/Pensionista,Educação,91.91
1447,2024-01-16,Serviços De Ti,Balcão Único,98.88,92.18,12,4.8,384,Portal,2.54,2,Sim,Excelente Atendimento,Cidadão,Saúde,94.45
1448,2024-02-02,Departamento De Saúde Pública,Email,86.11,89.15,29,4.7,339,Aplicacao_Movel,6.65,4,Sim,Bom Serviço,Estudante,Social,86.68
1449,2024-02-19,Direcção De Serviços Financeiros,Serviços Digitais,74.82,79.36,73,3.8,391,Telefone,13.21,8,Sim,Muito Satisfeito,Funcionário Público,Cultura,72.00
1450,2024-03-07,Departamento De Inovação E Digitalização,Telefone,88.30,93.31,27,4.5,372,Email,9.04,4,Sim,Resposta Rápida E Eficaz,Empresa,Mobilidade,87.69
1451,2024-03-24,Direcção De Recursos Humanos,Chatbot,73.20,76.18,87,3.8,351,Presencial,17.29,8,Sim,Falta De Informação,Utilizador Vulnerável,Habitação,64.43
1452,2024-04-21,Departamento De Planeamento Estratégico,Atendimento Presencial,77.73,86.34,61,3.8,335,Chatbot,11.47,6,Não,Falta De Informação,Reforma/Pensionista,Digitalização,74.18
1453,2024-05-08,Serviços De Educação,Portal Online,83.25,82.88,52,4.0,333,Portal,9.35,5,Sim,Muito Satisfeito,Cidadão,Ambiente,77.72
1454,2024-05-25,Gabinete De Atendimento Ao Cidadão,Balcão Único,88.04,86.34,53,4.2,260,Aplicacao_Movel,10.36,6,Sim,Falta De Informação,Estudante,Inovação,80.14
1455,2024-06-11,Serviços De Ti,Email,80.58,86.07,62,4.3,301,Telefone,12.63,5,Sim,Muito Satisfeito,Funcionário Público,Educação,77.58
1456,2024-06-28,Departamento De Saúde Pública,Serviços Digitais,81.13,86.98,49,4.0,350,Email,9.55,5,Sim,Falta De Informação,Empresa,Saúde,80.61
1457,2024-07-15,Direcção De Serviços Financeiros,Telefone,87.70,84.68,56,4.3,266,Presencial,11.11,4,Sim,Muito Satisfeito,Utilizador Vulnerável,Social,79.21
1458,2024-08-01,Departamento De Inovação E Digitalização,Chatbot,79.28,79.55,64,3.7,193,Chatbot,12.21,10,Sim,Falta De Informação,Reforma/Pensionista,Cultura,70.50
1459,2024-08-18,Direcção De Recursos Humanos,Atendimento Presencial,76.38,78.16,72,3.7,282,Portal,18.18,7,Sim,Processo Complicado,Cidadão,Mobilidade,68.99
1460,2024-09-04,Departamento De Planeamento Estratégico,Portal Online,74.62,74.62,82,3.7,326,Aplicacao_Movel,18.13,9,Não,Tempo De Espera Elevado,Estudante,Habitação,63.44
1461,2024-10-02,Serviços De Educação,Balcão Único,73.32,79.54,68,3.9,214,Telefone,13.39,10,Não,Falta De Informação,Funcionário Público,Digitalização,69.68
1462,2024-10-19,Gabinete De Atendimento Ao Cidadão,Email,94.80,94.48,30,4.7,424,Email,4.83,4,Sim,Excelente Atendimento,Empresa,Ambiente,91.05
1463,2024-11-05,Serviços De Ti,Serviços Digitais,83.75,87.63,52,3.8,325,Presencial,10.86,6,Sim,Muito Satisfeito,Utilizador Vulnerável,Inovação,75.86
1464,2024-11-22,Departamento De Saúde Pública,Telefone,91.69,93.14,20,4.6,374,Chatbot,3.93,4,Sim,Serviço Eficiente,Reforma/Pensionista,Educação,88.75
1465,2024-12-09,Direcção De Serviços Financeiros,Chatbot,89.96,96.34,13,4.8,274,Portal,4.08,1,Sim,Resposta Rápida E Eficaz,Cidadão,Saúde,91.66
1466,2024-12-26,Departamento De Inovação E Digitalização,Atendimento Presencial,87.03,87.73,52,4.4,296,Aplicacao_Movel,6.84,6,Sim,Falta De Informação,Estudante,Social,81.38
1467,2024-01-12,Direcção De Recursos Humanos,Portal Online,98.62,95.69,12,5.0,274,Telefone,6.03,3,Sim,Excelente Atendimento,Funcionário Público,Cultura,93.65
1468,2024-01-29,Departamento De Planeamento Estratégico,Balcão Único,90.06,89.26,32,4.6,320,Email,6.02,5,Sim,Falta De Informação,Empresa,Mobilidade,84.51
1469,2024-02-15,Serviços De Educação,Email,88.05,91.37,29,4.6,444,Presencial,6.89,5,Sim,Muito Satisfeito,Utilizador Vulnerável,Habitação,84.99
1470,2024-03-14,Gabinete De Atendimento Ao Cidadão,Serviços Digitais,89.35,86.90,45,4.2,350,Chatbot,10.87,3,Não,Falta De Informação,Reforma/Pensionista,Digitalização,83.56
1471,2024-03-31,Serviços De Ti,Telefone,89.80,94.13,23,4.6,399,Portal,3.54,2,Sim,Muito Satisfeito,Cidadão,Ambiente,88.76
1472,2024-04-17,Departamento De Saúde Pública,Chatbot,90.82,93.05,21,4.8,421,Aplicacao_Movel,3.90,3,Sim,Excelente Atendimento,Estudante,Inovação,90.99
1473,2024-05-04,Direcção De Serviços Financeiros,Atendimento Presencial,85.91,82.93,49,4.3,395,Telefone,11.41,6,Sim,Muito Satisfeito,Funcionário Público,Educação,78.25
1474,2024-05-21,Departamento De Inovação E Digitalização,Portal Online,75.98,80.83,86,3.9,356,Email,15.78,10,Não,Processo Complicado,Empresa,Saúde,67.36
1475,2024-06-07,Direcção De Recursos Humanos,Balcão Único,85.85,85.40,42,4.2,394,Presencial,8.77,7,Sim,Muito Satisfeito,Utilizador Vulnerável,Social,79.33
1476,2024-06-24,Departamento De Planeamento Estratégico,Email,88.70,91.42,37,4.5,387,Chatbot,5.18,5,Sim,Muito Satisfeito,Reforma/Pensionista,Cultura,85.24
1477,2024-07-11,Serviços De Educação,Serviços Digitais,80.56,81.25,71,4.0,228,Portal,14.56,7,Sim,Muito Satisfeito,Cidadão,Mobilidade,72.76
1478,2024-07-28,Gabinete De Atendimento Ao Cidadão,Telefone,81.60,82.39,64,3.9,386,Aplicacao_Movel,14.95,7,Sim,Falta De Informação,Estudante,Habitação,71.96
1479,2024-08-25,Serviços De Ti,Chatbot,86.83,85.48,54,4.4,277,Telefone,12.27,6,Não,Muito Satisfeito,Funcionário Público,Digitalização,78.48
1480,2024-09-11,Departamento De Saúde Pública,Atendimento Presencial,91.05,90.31,35,4.3,269,Email,5.39,4,Sim,Resposta Rápida E Eficaz,Empresa,Ambiente,87.74
1481,2024-09-28,Direcção De Serviços Financeiros,Portal Online,92.08,87.20,29,4.3,360,Presencial,4.40,4,Sim,Muito Satisfeito,Utilizador Vulnerável,Inovação,86.16
1482,2024-10-15,Departamento De Inovação E Digitalização,Balcão Único,92.77,91.19,27,4.4,345,Chatbot,8.31,3,Sim,Excelente Atendimento,Reforma/Pensionista,Educação,89.04
1483,2024-11-01,Direcção De Recursos Humanos,Email,94.14,89.43,34,4.6,265,Portal,4.50,1,Sim,Bom Serviço,Cidadão,Saúde,89.40
1484,2024-11-18,Departamento De Planeamento Estratégico,Serviços Digitais,95.28,94.01,21,4.7,347,Aplicacao_Movel,6.32,5,Sim,Serviço Eficiente,Estudante,Social,89.03
1485,2024-12-05,Serviços De Educação,Telefone,86.67,88.04,32,4.3,361,Telefone,5.82,6,Sim,Muito Satisfeito,Funcionário Público,Cultura,84.98
1486,2024-12-22,Gabinete De Atendimento Ao Cidadão,Chatbot,88.94,92.57,30,4.7,370,Email,5.57,4,Sim,Muito Satisfeito,Empresa,Mobilidade,91.29
1487,2024-01-08,Serviços De Ti,Atendimento Presencial,88.49,87.72,32,4.7,299,Presencial,8.72,4,Sim,Excelente Atendimento,Utilizador Vulnerável,Habitação,85.63
1488,2024-02-05,Departamento De Saúde Pública,Portal Online,86.36,88.28,34,4.2,410,Chatbot,8.17,5,Não,Falta De Informação,Reforma/Pensionista,Digitalização,83.29
1489,2024-02-22,Direcção De Serviços Financeiros,Balcão Único,74.94,82.77,71,4.0,247,Portal,12.93,8,Sim,Muito Satisfeito,Cidadão,Ambiente,73.57
1490,2024-03-10,Departamento De Inovação E Digitalização,Email,80.54,85.94,47,4.3,304,Aplicacao_Movel,11.65,5,Sim,Falta De Informação,Estudante,Inovação,80.35
1491,2024-03-27,Direcção De Recursos Humanos,Serviços Digitais,74.40,79.93,72,3.8,259,Telefone,17.54,11,Não,Falta De Informação,Funcionário Público,Educação,66.34
1492,2024-04-13,Departamento De Planeamento Estratégico,Telefone,92.47,91.35,23,4.8,452,Email,0.99,3,Sim,Excelente Atendimento,Empresa,Saúde,93.95
1493,2024-04-30,Serviços De Educação,Chatbot,78.13,79.56,60,4.0,383,Presencial,15.33,7,Sim,Muito Satisfeito,Utilizador Vulnerável,Social,71.43
1494,2024-05-17,Gabinete De Atendimento Ao Cidadão,Atendimento Presencial,90.95,87.97,42,4.6,357,Chatbot,9.71,3,Sim,Falta De Informação,Reforma/Pensionista,Cultura,83.77
1495,2024-06-03,Serviços De Ti,Portal Online,80.97,81.99,61,3.6,389,Portal,13.47,6,Sim,Muito Satisfeito,Cidadão,Mobilidade,71.16
1496,2024-06-20,Departamento De Saúde Pública,Balcão Único,85.11,89.34,49,4.1,324,Aplicacao_Movel,8.79,6,Sim,Falta De Informação,Estudante,Habitação,79.40
1497,2024-07-18,Direcção De Serviços Financeiros,Email,93.11,88.04,39,4.5,433,Telefone,7.54,4,Não,Excelente Atendimento,Funcionário Público,Digitalização,87.11
1498,2024-08-04,Departamento De Inovação E Digitalização,Serviços Digitais,88.49,88.12,26,4.4,338,Email,4.77,2,Sim,Bom Serviço,Empresa,Ambiente,88.02
1499,2024-08-21,Direcção De Recursos Humanos,Telefone,74.00,80.02,69,4.0,385,Presencial,16.11,9,Sim,Muito Satisfeito,Utilizador Vulnerável,Inovação,71.91
1500,2024-09-07,Departamento De Planeamento Estratégico,Chatbot,90.22,90.30,14,4.8,343,Chatbot,4.06,4,Sim,Resposta Rápida E Eficaz,Reforma/Pensionista,Educação,90.97
1501,2024-09-24,Serviços De Educação,Atendimento Presencial,93.44,90.27,37,4.5,305,Portal,4.07,4,Sim,Muito Satisfeito,Cidadão,Saúde,86.61
1502,2024-10-11,Gabinete De Atendimento Ao Cidadão,Portal Online,81.59,87.21,44,4.0,221,Aplicacao_Movel,12.73,4,Sim,Falta De Informação,Estudante,Social,78.87
1503,2024-10-28,Serviços De Ti,Balcão Único,85.40,83.88,52,4.0,366,Telefone,10.54,7,Sim,Muito Satisfeito,Funcionário Público,Cultura,79.68
1504,2024-11-14,Departamento De Saúde Pública,Email,77.59,81.59,64,4.0,306,Email,13.99,6,Sim,Falta De Informação,Empresa,Mobilidade,72.57
1505,2024-12-01,Direcção De Serviços Financeiros,Serviços Digitais,84.55,85.11,63,4.1,331,Presencial,13.95,6,Sim,Muito Satisfeito,Utilizador Vulnerável,Habitação,76.66
1506,2024-12-29,Departamento De Inovação E Digitalização,Telefone,90.16,90.72,49,4.5,283,Chatbot,10.85,5,Não,Falta De Informação,Reforma/Pensionista,Digitalização,82.34
1507,2024-01-15,Direcção De Recursos Humanos,Chatbot,92.73,88.39,37,4.7,328,Portal,6.67,5,Sim,Excelente Atendimento,Cidadão,Ambiente,88.05
1508,2024-02-01,Departamento De Planeamento Estratégico,Atendimento Presencial,80.99,85.03,51,4.0,396,Aplicacao_Movel,9.85,6,Sim,Falta De Informação,Estudante,Inovação,77.76
1509,2024-02-18,Serviços De Educação,Portal Online,87.16,91.90,29,4.2,348,Telefone,8.24,6,Sim,Muito Satisfeito,Funcionário Público,Educação,84.22
1510,2024-03-06,Gabinete De Atendimento Ao Cidadão,Balcão Único,95.89,94.01,24,4.8,355,Email,4.72,3,Sim,Resposta Rápida E Eficaz,Empresa,Saúde,93.51
1511,2024-03-23,Serviços De Ti,Email,76.65,85.50,67,4.1,259,Presencial,12.61,8,Sim,Muito Satisfeito,Utilizador Vulnerável,Social,74.88
1512,2024-04-09,Departamento De Saúde Pública,Serviços Digitais,88.73,93.17,23,4.8,360,Chatbot,4.84,5,Sim,Excelente Atendimento,Reforma/Pensionista,Cultura,88.89
1513,2024-04-26,Direcção De Serviços Financeiros,Telefone,90.63,87.80,32,4.2,322,Portal,8.00,5,Sim,Muito Satisfeito,Cidadão,Mobilidade,84.98
1514,2024-05-13,Departamento De Inovação E Digitalização,Chatbot,76.60,84.06,61,3.8,284,Aplicacao_Movel,10.66,7,Sim,Falta De Informação,Estudante,Habitação,74.85
1515,2024-06-10,Direcção De Recursos Humanos,Atendimento Presencial,82.55,84.66,63,4.1,379,Telefone,15.33,8,Não,Muito Satisfeito,Funcionário Público,Digitalização,73.57
1516,2024-06-27,Departamento De Planeamento Estratégico,Portal Online,88.51,88.81,34,4.2,281,Email,9.02,3,Sim,Muito Satisfeito,Empresa,Ambiente,86.67
1517,2024-07-14,Serviços De Educação,Balcão Único,85.80,85.89,56,4.0,391,Presencial,8.05,5,Sim,Muito Satisfeito,Utilizador Vulnerável,Inovação,80.27
1518,2024-07-31,Gabinete De Atendimento Ao Cidadão,Email,89.72,89.66,43,4.2,239,Chatbot,8.21,4,Sim,Falta De Informação,Reforma/Pensionista,Educação,84.30
1519,2024-08-17,Serviços De Ti,Serviços Digitais,77.68,85.88,64,4.1,331,Portal,12.09,6,Sim,Muito Satisfeito,Cidadão,Saúde,73.37
1520,2024-09-03,Departamento De Saúde Pública,Telefone,83.11,85.51,39,4.2,411,Aplicacao_Movel,9.87,3,Sim,Falta De Informação,Estudante,Social,82.97
1521,2024-09-20,Direcção De Serviços Financeiros,Chatbot,64.84,75.54,97,3.2,249,Telefone,21.78,10,Não,Falta De Informação,Funcionário Público,Cultura,60.03
1522,2024-10-07,Departamento De Inovação E Digitalização,Atendimento Presencial,84.46,88.52,50,4.4,254,Email,7.56,4,Sim,Falta De Informação,Empresa,Mobilidade,79.87
1523,2024-10-24,Direcção De Recursos Humanos,Portal Online,73.97,81.80,71,3.9,306,Presencial,16.02,8,Sim,Muito Satisfeito,Utilizador Vulnerável,Habitação,71.27
1524,2024-11-21,Departamento De Planeamento Estratégico,Balcão Único,83.63,87.41,43,4.1,232,Chatbot,8.62,6,Não,Falta De Informação,Reforma/Pensionista,Digitalização,81.98
1525,2024-12-08,Serviços De Educação,Email,80.75,82.80,49,4.1,288,Portal,10.32,8,Sim,Muito Satisfeito,Cidadão,Ambiente,78.39
1526,2024-12-25,Gabinete De Atendimento Ao Cidadão,Serviços Digitais,85.56,88.19,45,4.4,346,Aplicacao_Movel,6.12,5,Sim,Falta De Informação,Estudante,Inovação,84.10
1527,2024-01-11,Serviços De Ti,Telefone,72.84,80.77,75,3.6,300,Telefone,19.46,10,Não,Sistema Lento,Funcionário Público,Educação,65.65
1528,2024-01-28,Departamento De Saúde Pública,Chatbot,90.27,89.49,44,4.1,298,Email,7.55,4,Sim,Falta De Informação,Empresa,Saúde,82.49
1529,2024-02-14,Direcção De Serviços Financeiros,Atendimento Presencial,94.29,89.38,35,4.6,409,Presencial,7.28,5,Sim,Serviço Eficiente,Utilizador Vulnerável,Social,88.72
1530,2024-03-02,Departamento De Inovação E Digitalização,Portal Online,71.92,79.08,66,3.8,209,Chatbot,13.93,7,Sim,Tempo De Espera Elevado,Reforma/Pensionista,Cultura,68.52
1531,2024-03-19,Direcção De Recursos Humanos,Balcão Único,84.76,87.21,59,3.9,235,Portal,10.68,5,Sim,Muito Satisfeito,Cidadão,Mobilidade,77.79
1532,2024-04-05,Departamento De Planeamento Estratégico,Email,85.31,85.07,52,4.0,299,Aplicacao_Movel,10.40,8,Sim,Falta De Informação,Estudante,Habitação,77.25
1533,2024-05-03,Serviços De Educação,Serviços Digitais,92.77,89.01,35,4.3,407,Telefone,7.81,4,Não,Bom Serviço,Funcionário Público,Digitalização,85.79
1534,2024-05-20,Gabinete De Atendimento Ao Cidadão,Telefone,75.50,80.88,68,4.1,264,Email,15.95,6,Sim,Falta De Informação,Empresa,Ambiente,72.62
1535,2024-06-06,Serviços De Ti,Chatbot,83.09,81.17,68,3.7,215,Presencial,13.03,6,Sim,Muito Satisfeito,Utilizador Vulnerável,Inovação,73.97
1536,2024-06-23,Departamento De Saúde Pública,Atendimento Presencial,88.18,88.30,35,4.6,244,Chatbot,5.20,3,Sim,Falta De Informação,Reforma/Pensionista,Educação,84.30
1537,2024-07-10,Direcção De Serviços Financeiros,Portal Online,86.24,87.74,32,4.4,349,Portal,7.66,5,Sim,Excelente Atendimento,Cidadão,Saúde,86.67
1538,2024-07-27,Departamento De Inovação E Digitalização,Balcão Único,82.89,85.15,66,3.8,376,Aplicacao_Movel,14.14,8,Sim,Falta De Informação,Estudante,Social,75.44
1539,2024-08-13,Direcção De Recursos Humanos,Email,83.10,90.68,47,4.2,440,Telefone,8.84,6,Sim,Muito Satisfeito,Funcionário Público,Cultura,83.62
1540,2024-08-30,Departamento De Planeamento Estratégico,Serviços Digitais,93.16,93.08,19,4.9,266,Email,4.16,2,Sim,Resposta Rápida E Eficaz,Empresa,Mobilidade,91.54
1541,2024-09-16,Serviços De Educação,Telefone,84.95,84.34,49,4.4,426,Presencial,8.02,5,Sim,Muito Satisfeito,Utilizador Vulnerável,Habitação,80.56
1542,2024-10-14,Gabinete De Atendimento Ao Cidadão,Chatbot,80.72,83.11,60,4.0,253,Chatbot,14.23,8,Não,Falta De Informação,Reforma/Pensionista,Digitalização,73.23
1543,2024-10-31,Serviços De Ti,Atendimento Presencial,85.72,88.47,39,4.6,334,Portal,7.17,4,Sim,Muito Satisfeito,Cidadão,Ambiente,84.22
1544,2024-11-17,Departamento De Saúde Pública,Portal Online,72.27,80.42,78,3.5,271,Aplicacao_Movel,16.27,8,Sim,Processo Complicado,Estudante,Inovação,69.81
1545,2024-12-04,Direcção De Serviços Financeiros,Balcão Único,81.74,86.53,43,4.0,404,Telefone,12.57,5,Sim,Muito Satisfeito,Funcionário Público,Educação,80.23
1546,2024-12-21,Departamento De Inovação E Digitalização,Email,74.06,80.73,63,4.2,401,Email,16.01,8,Sim,Falta De Informação,Empresa,Saúde,72.56
1547,2024-01-07,Direcção De Recursos Humanos,Serviços Digitais,80.75,83.03,70,4.1,255,Presencial,11.42,9,Sim,Muito Satisfeito,Utilizador Vulnerável,Social,72.64
1548,2024-01-24,Departamento De Planeamento Estratégico,Telefone,70.30,73.91,89,3.4,319,Chatbot,21.93,13,Não,Precisa Melhorias,Reforma/Pensionista,Cultura,60.27
1549,2024-02-10,Serviços De Educação,Chatbot,86.28,87.92,49,4.1,386,Portal,10.35,7,Sim,Muito Satisfeito,Cidadão,Mobilidade,79.88
1550,2024-02-27,Gabinete De Atendimento Ao Cidadão,Atendimento Presencial,86.60,86.93,36,4.1,324,Aplicacao_Movel,9.22,6,Sim,Falta De Informação,Estudante,Habitação,82.63
1551,2024-03-26,Serviços De Ti,Portal Online,89.25,89.61,49,4.2,344,Telefone,11.42,4,Não,Muito Satisfeito,Funcionário Público,Digitalização,81.57
1552,2024-04-12,Departamento De Saúde Pública,Balcão Único,89.03,90.78,29,4.6,406,Email,6.36,3,Sim,Excelente Atendimento,Empresa,Ambiente,85.11
1553,2024-04-29,Direcção De Serviços Financeiros,Email,82.95,86.79,59,4.2,216,Presencial,12.71,6,Sim,Muito Satisfeito,Utilizador Vulnerável,Inovação,74.62
1554,2024-05-16,Departamento De Inovação E Digitalização,Serviços Digitais,81.64,84.49,42,4.2,379,Chatbot,9.71,7,Sim,Falta De Informação,Reforma/Pensionista,Educação,79.01
1555,2024-06-02,Direcção De Recursos Humanos,Telefone,80.49,81.18,65,4.1,216,Portal,11.99,8,Sim,Muito Satisfeito,Cidadão,Saúde,71.60
1556,2024-06-19,Departamento De Planeamento Estratégico,Chatbot,68.96,73.50,95,3.3,325,Aplicacao_Movel,22.25,12,Não,Falta De Informação,Estudante,Social,57.60
1557,2024-07-06,Serviços De Educação,Atendimento Presencial,91.56,90.36,33,4.6,269,Telefone,5.51,5,Sim,Muito Satisfeito,Funcionário Público,Cultura,84.08
1558,2024-07-23,Gabinete De Atendimento Ao Cidadão,Portal Online,80.36,82.55,61,3.8,356,Email,12.32,6,Sim,Falta De Informação,Empresa,Mobilidade,77.68
1559,2024-08-09,Serviços De Ti,Balcão Único,76.08,81.45,67,3.6,242,Presencial,15.78,7,Sim,Processo Complicado,Utilizador Vulnerável,Habitação,68.03
1560,2024-09-06,Departamento De Saúde Pública,Email,81.65,84.23,45,4.1,381,Chatbot,10.69,4,Não,Falta De Informação,Reforma/Pensionista,Digitalização,79.84
1561,2024-09-23,Direcção De Serviços Financeiros,Serviços Digitais,69.53,81.12,77,3.8,311,Portal,18.73,11,Sim,Falta De Informação,Cidadão,Ambiente,64.92
1562,2024-10-10,Departamento De Inovação E Digitalização,Telefone,87.93,88.04,30,4.6,276,Aplicacao_Movel,5.56,3,Sim,Falta De Informação,Estudante,Inovação,84.98
1563,2024-10-27,Direcção De Recursos Humanos,Chatbot,96.48,92.08,22,4.7,353,Telefone,7.04,3,Sim,Bom Serviço,Funcionário Público,Educação,90.69
1564,2024-11-13,Departamento De Planeamento Estratégico,Atendimento Presencial,84.81,89.92,39,4.3,421,Email,11.15,6,Sim,Falta De Informação,Empresa,Saúde,82.96
1565,2024-11-30,Serviços De Educação,Portal Online,67.02,70.48,115,3.0,239,Presencial,24.11,12,Não,Tempo De Espera Elevado,Utilizador Vulnerável,Social,54.19
1566,2024-12-17,Gabinete De Atendimento Ao Cidadão,Balcão Único,67.73,75.39,80,3.3,179,Chatbot,18.32,11,Não,Falta De Informação,Reforma/Pensionista,Cultura,63.22
1567,2024-01-03,Serviços De Ti,Email,78.71,81.21,78,3.6,194,Portal,15.85,10,Não,Sistema Lento,Cidadão,Mobilidade,68.33
1568,2024-01-20,Departamento De Saúde Pública,Serviços Digitais,86.82,87.78,45,4.3,288,Aplicacao_Movel,9.02,5,Sim,Falta De Informação,Estudante,Habitação,81.90
1569,2024-02-17,Direcção De Serviços Financeiros,Telefone,72.69,76.95,91,3.6,314,Telefone,19.36,10,Não,Processo Complicado,Funcionário Público,Digitalização,60.68
1570,2024-03-05,Departamento De Inovação E Digitalização,Chatbot,70.15,79.86,80,3.4,323,Email,20.32,10,Sim,Tempo De Espera Elevado,Empresa,Ambiente,63.64
1571,2024-03-22,Direcção De Recursos Humanos,Atendimento Presencial,86.56,87.43,44,4.5,411,Presencial,11.89,4,Sim,Muito Satisfeito,Utilizador Vulnerável,Inovação,81.02
1572,2024-04-08,Departamento De Planeamento Estratégico,Portal Online,77.96,83.43,63,3.9,383,Chatbot,14.51,8,Sim,Falta De Informação,Reforma/Pensionista,Educação,74.47
1573,2024-04-25,Serviços De Educação,Balcão Único,75.38,80.33,79,3.7,359,Portal,17.55,10,Não,Muito Satisfeito,Cidadão,Saúde,70.45
1574,2024-05-12,Gabinete De Atendimento Ao Cidadão,Email,82.57,89.40,52,4.4,317,Aplicacao_Movel,9.41,4,Sim,Falta De Informação,Estudante,Social,81.90
1575,2024-05-29,Serviços De Ti,Serviços Digitais,80.28,87.66,48,3.9,294,Telefone,8.48,6,Sim,Muito Satisfeito,Funcionário Público,Cultura,80.25
1576,2024-06-15,Departamento De Saúde Pública,Telefone,79.95,86.07,56,4.4,240,Email,8.56,4,Sim,Falta De Informação,Empresa,Mobilidade,78.32
1577,2024-07-02,Direcção De Serviços Financeiros,Chatbot,79.81,82.94,54,4.3,223,Presencial,9.27,5,Sim,Muito Satisfeito,Utilizador Vulnerável,Habitação,77.98
1578,2024-07-30,Departamento De Inovação E Digitalização,Atendimento Presencial,88.29,85.68,39,4.4,319,Chatbot,10.23,4,Não,Falta De Informação,Reforma/Pensionista,Digitalização,83.61
1579,2024-08-16,Direcção De Recursos Humanos,Portal Online,85.72,85.32,48,4.5,417,Portal,8.70,6,Sim,Muito Satisfeito,Cidadão,Ambiente,80.30
1580,2024-09-02,Departamento De Planeamento Estratégico,Balcão Único,88.70,87.86,40,4.6,412,Aplicacao_Movel,6.97,5,Sim,Falta De Informação,Estudante,Inovação,84.42
1581,2024-09-19,Serviços De Educação,Email,81.02,86.12,61,4.0,214,Telefone,14.11,6,Sim,Muito Satisfeito,Funcionário Público,Educação,73.53
1582,2024-10-06,Gabinete De Atendimento Ao Cidadão,Serviços Digitais,80.65,83.52,56,4.0,212,Email,13.14,7,Sim,Falta De Informação,Empresa,Saúde,73.99
1583,2024-10-23,Serviços De Ti,Telefone,88.24,91.59,28,4.7,346,Presencial,5.30,3,Sim,Bom Serviço,Utilizador Vulnerável,Social,87.19
1584,2024-11-09,Departamento De Saúde Pública,Chatbot,69.41,75.54,87,3.7,321,Chatbot,17.99,10,Não,Processo Complicado,Reforma/Pensionista,Cultura,63.96
1585,2024-11-26,Direcção De Serviços Financeiros,Atendimento Presencial,67.14,79.11,88,3.7,265,Portal,21.14,9,Não,Tempo De Espera Elevado,Cidadão,Mobilidade,62.61
1586,2024-12-13,Departamento De Inovação E Digitalização,Portal Online,69.03,76.96,79,3.4,329,Aplicacao_Movel,17.81,9,Sim,Falta De Informação,Estudante,Habitação,62.97
1587,2024-01-10,Direcção De Recursos Humanos,Balcão Único,75.02,78.16,79,3.8,388,Telefone,13.52,7,Não,Sistema Lento,Funcionário Público,Digitalização,68.97
1588,2024-01-27,Departamento De Planeamento Estratégico,Email,89.60,88.51,41,4.5,427,Email,11.23,3,Sim,Falta De Informação,Empresa,Ambiente,81.91
1589,2024-02-13,Serviços De Educação,Serviços Digitais,72.48,80.01,78,4.0,252,Presencial,13.16,8,Sim,Processo Complicado,Utilizador Vulnerável,Inovação,69.88
1590,2024-03-01,Gabinete De Atendimento Ao Cidadão,Telefone,83.16,85.98,65,4.0,275,Chatbot,13.59,6,Sim,Falta De Informação,Reforma/Pensionista,Educação,76.19
1591,2024-03-18,Serviços De Ti,Chatbot,82.08,82.23,61,3.7,391,Portal,10.75,6,Sim,Muito Satisfeito,Cidadão,Saúde,73.03
1592,2024-04-04,Departamento De Saúde Pública,Atendimento Presencial,79.69,87.07,53,4.2,408,Aplicacao_Movel,13.52,5,Sim,Falta De Informação,Estudante,Social,75.79
1593,2024-04-21,Direcção De Serviços Financeiros,Portal Online,66.69,74.69,86,3.7,223,Telefone,22.22,11,Não,Precisa Melhorias,Funcionário Público,Cultura,60.97
1594,2024-05-08,Departamento De Inovação E Digitalização,Balcão Único,72.38,78.54,76,3.7,271,Email,17.68,8,Sim,Processo Complicado,Empresa,Mobilidade,64.35
1595,2024-05-25,Direcção De Recursos Humanos,Email,65.03,72.99,98,3.1,323,Presencial,23.26,10,Não,Tempo De Espera Elevado,Utilizador Vulnerável,Habitação,57.93
1596,2024-06-22,Departamento De Planeamento Estratégico,Serviços Digitais,75.81,79.78,68,3.8,192,Chatbot,13.51,10,Não,Falta De Informação,Reforma/Pensionista,Digitalização,67.98
1597,2024-07-09,Serviços De Educação,Telefone,75.77,81.56,60,4.1,351,Portal,15.32,7,Sim,Muito Satisfeito,Cidadão,Ambiente,74.01
1598,2024-07-26,Gabinete De Atendimento Ao Cidadão,Chatbot,87.34,87.04,46,4.3,268,Aplicacao_Movel,8.34,3,Sim,Falta De Informação,Estudante,Inovação,84.14
1599,2024-08-12,Serviços De Ti,Atendimento Presencial,69.35,79.81,79,3.3,340,Telefone,16.36,10,Sim,Processo Complicado,Funcionário Público,Educação,63.12
1600,2024-08-29,Departamento De Saúde Pública,Portal Online,62.68,71.50,102,3.3,165,Email,23.84,13,Não,Tempo De Espera Elevado,Empresa,Saúde,56.55
1601,2024-09-15,Direcção De Serviços Financeiros,Balcão Único,80.44,85.85,52,4.1,251,Presencial,13.71,7,Sim,Muito Satisfeito,Utilizador Vulnerável,Social,77.09
1602,2024-10-02,Departamento De Inovação E Digitalização,Email,73.63,77.87,81,3.2,303,Chatbot,20.34,11,Não,Sistema Lento,Reforma/Pensionista,Cultura,62.77
1603,2024-10-19,Direcção De Recursos Humanos,Serviços Digitais,84.61,86.38,46,3.9,306,Portal,10.12,5,Sim,Muito Satisfeito,Cidadão,Mobilidade,78.92
1604,2024-11-05,Departamento De Planeamento Estratégico,Telefone,75.94,83.56,68,3.7,356,Aplicacao_Movel,16.31,9,Sim,Falta De Informação,Estudante,Habitação,70.61
1605,2024-12-03,Serviços De Educação,Chatbot,76.21,81.71,67,3.9,282,Telefone,12.28,8,Não,Muito Satisfeito,Funcionário Público,Digitalização,70.59
1606,2024-12-20,Gabinete De Atendimento Ao Cidadão,Atendimento Presencial,85.93,83.76,56,4.3,218,Email,13.87,6,Sim,Falta De Informação,Empresa,Ambiente,77.59
1607,2024-01-06,Serviços De Ti,Portal Online,74.14,77.26,88,3.6,353,Presencial,15.37,12,Sim,Sistema Lento,Utilizador Vulnerável,Inovação,63.95
1608,2024-01-23,Departamento De Saúde Pública,Balcão Único,70.72,75.25,84,3.3,260,Chatbot,17.57,11,Não,Precisa Melhorias,Reforma/Pensionista,Educação,61.02
1609,2024-02-09,Direcção De Serviços Financeiros,Email,85.78,88.26,49,4.5,269,Portal,10.26,6,Sim,Muito Satisfeito,Cidadão,Saúde,81.11
1610,2024-02-26,Departamento De Inovação E Digitalização,Serviços Digitais,91.69,91.76,39,4.7,407,Aplicacao_Movel,6.91,3,Sim,Resposta Rápida E Eficaz,Estudante,Social,86.44
1611,2024-03-14,Direcção De Recursos Humanos,Telefone,60.91,75.47,102,3.3,257,Telefone,22.26,14,Não,Falta De Informação,Funcionário Público,Cultura,53.95
1612,2024-03-31,Departamento De Planeamento Estratégico,Chatbot,70.17,82.51,79,3.7,197,Email,14.67,11,Sim,Sistema Lento,Empresa,Mobilidade,67.52
1613,2024-04-17,Serviços De Educação,Atendimento Presencial,65.79,73.70,92,3.2,180,Presencial,19.43,13,Não,Precisa Melhorias,Utilizador Vulnerável,Habitação,57.91
1614,2024-05-15,Gabinete De Atendimento Ao Cidadão,Portal Online,79.87,83.47,67,4.2,244,Chatbot,14.33,9,Não,Falta De Informação,Reforma/Pensionista,Digitalização,74.81
1615,2024-06-01,Serviços De Ti,Balcão Único,81.67,84.84,54,4.0,412,Portal,10.68,6,Sim,Muito Satisfeito,Cidadão,Ambiente,79.34
1616,2024-06-18,Departamento De Saúde Pública,Email,71.67,78.78,79,3.8,367,Aplicacao_Movel,20.37,9,Não,Falta De Informação,Estudante,Inovação,63.91
1617,2024-07-05,Direcção De Serviços Financeiros,Serviços Digitais,85.31,83.82,55,4.2,289,Telefone,9.44,5,Sim,Muito Satisfeito,Funcionário Público,Educação,77.68
1618,2024-07-22,Departamento De Inovação E Digitalização,Telefone,77.30,86.68,60,4.0,402,Email,14.04,7,Sim,Falta De Informação,Empresa,Saúde,76.51
1619,2024-08-08,Direcção De Recursos Humanos,Chatbot,73.45,78.11,76,3.5,359,Presencial,16.12,9,Sim,Processo Complicado,Utilizador Vulnerável,Social,66.08
1620,2024-08-25,Departamento De Planeamento Estratégico,Atendimento Presencial,87.80,84.51,39,4.1,282,Chatbot,9.17,5,Sim,Falta De Informação,Reforma/Pensionista,Cultura,81.11
1621,2024-09-11,Serviços De Educação,Portal Online,81.52,90.89,36,4.4,415,Portal,10.80,4,Sim,Muito Satisfeito,Cidadão,Mobilidade,81.57
1622,2024-09-28,Gabinete De Atendimento Ao Cidadão,Balcão Único,73.69,77.18,84,3.6,290,Aplicacao_Movel,19.86,10,Não,Sistema Lento,Estudante,Habitação,62.44
1623,2024-10-26,Serviços De Ti,Email,73.66,79.93,69,3.8,385,Telefone,15.30,7,Não,Precisa Melhorias,Funcionário Público,Digitalização,69.50
1624,2024-11-12,Departamento De Saúde Pública,Serviços Digitais,79.13,84.12,63,3.8,308,Email,14.92,8,Sim,Falta De Informação,Empresa,Ambiente,75.77
1625,2024-11-29,Direcção De Serviços Financeiros,Telefone,83.73,83.50,46,4.3,399,Presencial,12.81,5,Sim,Muito Satisfeito,Utilizador Vulnerável,Inovação,77.00
1626,2024-12-16,Departamento De Inovação E Digitalização,Chatbot,64.69,78.66,92,3.3,228,Chatbot,19.51,11,Não,Falta De Informação,Reforma/Pensionista,Educação,59.71
1627,2024-01-02,Direcção De Recursos Humanos,Atendimento Presencial,85.53,88.61,35,4.7,316,Portal,9.27,6,Sim,Excelente Atendimento,Cidadão,Saúde,85.87
1628,2024-01-19,Departamento De Planeamento Estratégico,Portal Online,82.90,83.76,69,4.2,298,Aplicacao_Movel,15.40,9,Sim,Falta De Informação,Estudante,Social,73.87
1629,2024-02-05,Serviços De Educação,Balcão Único,70.03,77.06,96,3.6,285,Telefone,18.69,11,Não,Processo Complicado,Funcionário Público,Cultura,62.26
1630,2024-02-22,Gabinete De Atendimento Ao Cidadão,Email,89.05,87.31,44,4.1,410,Email,9.33,6,Sim,Falta De Informação,Empresa,Mobilidade,82.06
1631,2024-03-10,Serviços De Ti,Serviços Digitais,77.89,85.26,53,4.1,375,Presencial,12.95,6,Sim,Muito Satisfeito,Utilizador Vulnerável,Habitação,77.32
1632,2024-04-07,Departamento De Saúde Pública,Telefone,65.03,72.11,99,3.3,152,Chatbot,19.27,11,Não,Sistema Lento,Reforma/Pensionista,Digitalização,58.35
1633,2024-04-24,Direcção De Serviços Financeiros,Chatbot,76.37,81.60,60,3.9,382,Portal,14.77,9,Sim,Muito Satisfeito,Cidadão,Ambiente,72.47
1634,2024-05-11,Departamento De Inovação E Digitalização,Atendimento Presencial,63.80,74.06,105,3.5,226,Aplicacao_Movel,18.31,13,Não,Processo Complicado,Estudante,Inovação,58.10
1635,2024-05-28,Direcção De Recursos Humanos,Portal Online,74.90,78.46,78,3.7,297,Telefone,17.45,10,Não,Tempo De Espera Elevado,Funcionário Público,Educação,69.37
1636,2024-06-14,Departamento De Planeamento Estratégico,Balcão Único,86.96,93.48,33,4.4,335,Email,7.96,3,Sim,Muito Satisfeito,Empresa,Saúde,86.31
1637,2024-07-01,Serviços De Educação,Email,93.12,90.48,27,4.7,439,Presencial,5.84,3,Sim,Excelente Atendimento,Utilizador Vulnerável,Social,87.84
1638,2024-07-18,Gabinete De Atendimento Ao Cidadão,Serviços Digitais,74.34,83.00,66,3.7,243,Chatbot,16.09,7,Sim,Falta De Informação,Reforma/Pensionista,Cultura,70.87
1639,2024-08-04,Serviços De Ti,Telefone,79.70,85.46,60,4.0,257,Portal,12.03,6,Sim,Muito Satisfeito,Cidadão,Mobilidade,78.09
1640,2024-08-21,Departamento De Saúde Pública,Chatbot,86.94,85.96,43,4.3,271,Aplicacao_Movel,10.16,3,Sim,Falta De Informação,Estudante,Habitação,84.48
1641,2024-09-18,Direcção De Serviços Financeiros,Atendimento Presencial,82.18,86.21,52,3.9,270,Telefone,13.07,7,Não,Muito Satisfeito,Funcionário Público,Digitalização,78.01
1642,2024-10-05,Departamento De Inovação E Digitalização,Portal Online,90.00,87.60,44,4.2,392,Email,6.29,3,Sim,Excelente Atendimento,Empresa,Ambiente,85.16
1643,2024-10-22,Direcção De Recursos Humanos,Balcão Único,76.71,79.46,68,3.7,200,Presencial,16.29,9,Sim,Muito Satisfeito,Utilizador Vulnerável,Inovação,72.20
1644,2024-11-08,Departamento De Planeamento Estratégico,Email,63.62,70.68,102,3.4,256,Chatbot,23.94,14,Não,Processo Complicado,Reforma/Pensionista,Educação,54.61
1645,2024-11-25,Serviços De Educação,Serviços Digitais,84.03,84.66,60,4.1,380,Portal,9.31,5,Sim,Muito Satisfeito,Cidadão,Saúde,77.02
1646,2024-12-12,Gabinete De Atendimento Ao Cidadão,Telefone,80.08,80.59,55,3.9,222,Aplicacao_Movel,12.30,8,Sim,Falta De Informação,Estudante,Social,74.10
1647,2024-12-29,Serviços De Ti,Chatbot,70.81,80.29,86,3.6,287,Telefone,18.31,11,Sim,Sistema Lento,Funcionário Público,Cultura,65.15
1648,2024-01-15,Departamento De Saúde Pública,Atendimento Presencial,68.92,77.26,97,3.3,232,Email,21.31,10,Sim,Precisa Melhorias,Empresa,Mobilidade,61.33
1649,2024-02-01,Direcção De Serviços Financeiros,Portal Online,78.33,82.68,58,4.0,314,Presencial,11.52,7,Sim,Muito Satisfeito,Utilizador Vulnerável,Habitação,73.24
1650,2024-02-29,Departamento De Inovação E Digitalização,Balcão Único,77.85,78.13,82,3.5,269,Chatbot,14.47,11,Não,Tempo De Espera Elevado,Reforma/Pensionista,Digitalização,67.54
1651,2024-03-17,Direcção De Recursos Humanos,Email,88.10,87.87,36,4.6,316,Portal,6.48,3,Sim,Muito Satisfeito,Cidadão,Ambiente,84.04
1652,2024-04-03,Departamento De Planeamento Estratégico,Serviços Digitais,84.33,84.80,49,4.0,396,Aplicacao_Movel,12.53,8,Sim,Falta De Informação,Estudante,Inovação,77.34
1653,2024-04-20,Serviços De Educação,Telefone,75.24,79.56,71,4.0,253,Telefone,17.10,10,Sim,Precisa Melhorias,Funcionário Público,Educação,69.89
1654,2024-05-07,Gabinete De Atendimento Ao Cidadão,Chatbot,64.80,76.28,101,3.6,295,Email,23.23,12,Sim,Processo Complicado,Empresa,Saúde,59.03
1655,2024-05-24,Serviços De Ti,Atendimento Presencial,68.51,76.09,108,3.0,183,Presencial,20.50,13,Não,Tempo De Espera Elevado,Utilizador Vulnerável,Social,55.02
1656,2024-06-10,Departamento De Saúde Pública,Portal Online,83.34,91.54,44,4.4,399,Chatbot,5.77,4,Sim,Falta De Informação,Reforma/Pensionista,Cultura,83.24
1657,2024-06-27,Direcção De Serviços Financeiros,Balcão Único,80.93,82.24,73,3.8,243,Portal,12.83,9,Sim,Muito Satisfeito,Cidadão,Mobilidade,72.39
1658,2024-07-14,Departamento De Inovação E Digitalização,Email,77.13,82.17,63,4.0,253,Aplicacao_Movel,10.40,7,Sim,Falta De Informação,Estudante,Habitação,74.38
1659,2024-08-11,Direcção De Recursos Humanos,Serviços Digitais,73.14,82.47,83,3.5,247,Telefone,13.72,9,Não,Processo Complicado,Funcionário Público,Digitalização,68.63
1660,2024-08-28,Departamento De Planeamento Estratégico,Telefone,66.21,76.15,99,3.2,267,Email,24.24,11,Não,Tempo De Espera Elevado,Empresa,Ambiente,55.62
1661,2024-09-14,Serviços De Educação,Chatbot,75.46,79.23,67,3.8,239,Presencial,12.66,7,Sim,Muito Satisfeito,Utilizador Vulnerável,Inovação,70.41
1662,2024-10-01,Gabinete De Atendimento Ao Cidadão,Atendimento Presencial,77.80,81.17,68,4.2,283,Chatbot,12.47,9,Sim,Falta De Informação,Reforma/Pensionista,Educação,74.30
1663,2024-10-18,Serviços De Ti,Portal Online,68.26,80.61,91,3.5,243,Portal,18.54,12,Sim,Precisa Melhorias,Cidadão,Saúde,63.38
1664,2024-11-04,Departamento De Saúde Pública,Balcão Único,80.19,85.97,70,4.0,315,Aplicacao_Movel,12.68,6,Sim,Falta De Informação,Estudante,Social,73.65
1665,2024-11-21,Direcção De Serviços Financeiros,Email,80.74,84.97,55,3.8,327,Telefone,13.17,6,Sim,Muito Satisfeito,Funcionário Público,Cultura,76.74
1666,2024-12-08,Departamento De Inovação E Digitalização,Serviços Digitais,78.26,80.10,66,4.0,196,Email,13.55,6,Sim,Falta De Informação,Empresa,Mobilidade,71.44
1667,2024-12-25,Direcção De Recursos Humanos,Telefone,70.38,76.58,82,3.4,233,Presencial,16.20,9,Não,Sistema Lento,Utilizador Vulnerável,Habitação,66.84
1668,2024-01-22,Departamento De Planeamento Estratégico,Chatbot,81.48,86.27,40,4.3,314,Chatbot,7.70,4,Não,Falta De Informação,Reforma/Pensionista,Digitalização,81.51
1669,2024-02-08,Serviços De Educação,Atendimento Presencial,79.39,87.69,62,4.3,216,Portal,12.93,6,Sim,Muito Satisfeito,Cidadão,Ambiente,76.88
1670,2024-02-25,Gabinete De Atendimento Ao Cidadão,Portal Online,80.12,86.33,64,4.2,260,Aplicacao_Movel,13.34,9,Sim,Falta De Informação,Estudante,Inovação,73.40
1671,2024-03-13,Serviços De Ti,Balcão Único,76.38,84.68,66,3.9,355,Telefone,10.28,7,Sim,Muito Satisfeito,Funcionário Público,Educação,75.25
1672,2024-03-30,Departamento De Saúde Pública,Email,73.21,74.83,85,3.4,217,Email,19.89,11,Sim,Sistema Lento,Empresa,Saúde,63.23
1673,2024-04-16,Direcção De Serviços Financeiros,Serviços Digitais,70.70,81.62,83,3.8,235,Presencial,17.03,11,Não,Precisa Melhorias,Utilizador Vulnerável,Social,64.97
1674,2024-05-03,Departamento De Inovação E Digitalização,Telefone,68.35,79.90,87,3.5,278,Chatbot,16.97,9,Não,Processo Complicado,Reforma/Pensionista,Cultura,62.72
1675,2024-05-20,Direcção De Recursos Humanos,Chatbot,69.00,73.74,95,3.5,159,Portal,19.29,11,Sim,Tempo De Espera Elevado,Cidadão,Mobilidade,61.25
1676,2024-06-06,Departamento De Planeamento Estratégico,Atendimento Presencial,67.68,77.44,76,3.5,320,Aplicacao_Movel,16.29,11,Não,Falta De Informação,Estudante,Habitação,64.46
1677,2024-07-04,Serviços De Educação,Portal Online,88.44,87.42,34,4.1,233,Telefone,10.48,6,Não,Muito Satisfeito,Funcionário Público,Digitalização,82.01
1678,2024-07-21,Gabinete De Atendimento Ao Cidadão,Balcão Único,82.96,83.11,53,3.9,387,Email,11.78,8,Sim,Falta De Informação,Empresa,Ambiente,75.57
1679,2024-08-07,Serviços De Ti,Email,74.31,85.46,59,3.7,258,Presencial,14.61,8,Sim,Muito Satisfeito,Utilizador Vulnerável,Inovação,72.77
1680,2024-08-24,Departamento De Saúde Pública,Serviços Digitais,67.95,77.39,88,3.6,215,Chatbot,17.75,12,Sim,Tempo De Espera Elevado,Reforma/Pensionista,Educação,64.88
1681,2024-09-10,Direcção De Serviços Financeiros,Telefone,88.98,89.22,31,4.8,402,Portal,5.17,3,Sim,Muito Satisfeito,Cidadão,Saúde,88.66
1682,2024-09-27,Departamento De Inovação E Digitalização,Chatbot,80.35,85.48,40,3.9,406,Aplicacao_Movel,12.64,6,Sim,Falta De Informação,Estudante,Social,79.84
1683,2024-10-14,Direcção De Recursos Humanos,Atendimento Presencial,83.93,89.24,39,4.3,436,Telefone,6.38,5,Sim,Muito Satisfeito,Funcionário Público,Cultura,82.01
1684,2024-10-31,Departamento De Planeamento Estratégico,Portal Online,78.09,79.56,64,3.7,313,Email,11.80,8,Sim,Falta De Informação,Empresa,Mobilidade,71.40
1685,2024-11-17,Serviços De Educação,Balcão Único,77.74,81.27,61,4.1,204,Presencial,11.35,9,Sim,Muito Satisfeito,Utilizador Vulnerável,Habitação,73.92
1686,2024-12-15,Gabinete De Atendimento Ao Cidadão,Email,80.02,84.39,64,4.0,318,Chatbot,16.09,7,Não,Falta De Informação,Reforma/Pensionista,Digitalização,72.41
1687,2024-01-01,Serviços De Ti,Serviços Digitais,82.06,88.55,50,4.4,292,Portal,11.27,5,Sim,Muito Satisfeito,Cidadão,Ambiente,77.74
1688,2024-01-18,Departamento De Saúde Pública,Telefone,76.56,81.56,76,3.9,304,Aplicacao_Movel,12.66,9,Sim,Falta De Informação,Estudante,Inovação,70.10
1689,2024-02-04,Direcção De Serviços Financeiros,Chatbot,74.14,81.81,80,3.7,341,Telefone,15.09,9,Sim,Processo Complicado,Funcionário Público,Educação,67.18
1690,2024-02-21,Departamento De Inovação E Digitalização,Atendimento Presencial,77.65,80.97,74,3.7,333,Email,15.42,11,Não,Tempo De Espera Elevado,Empresa,Saúde,68.48
1691,2024-03-09,Direcção De Recursos Humanos,Portal Online,86.56,85.15,60,3.9,260,Presencial,8.44,5,Sim,Muito Satisfeito,Utilizador Vulnerável,Social,78.07
1692,2024-03-26,Departamento De Planeamento Estratégico,Balcão Único,89.67,88.20,46,4.6,417,Chatbot,7.86,6,Sim,Falta De Informação,Reforma/Pensionista,Cultura,83.09
1693,2024-04-12,Serviços De Educação,Email,70.20,79.09,85,3.3,359,Portal,16.46,9,Não,Precisa Melhorias,Cidadão,Mobilidade,64.67
1694,2024-04-29,Gabinete De Atendimento Ao Cidadão,Serviços Digitais,93.66,89.49,41,4.5,383,Aplicacao_Movel,7.10,2,Sim,Serviço Eficiente,Estudante,Habitação,86.81
1695,2024-05-27,Serviços De Ti,Telefone,69.34,78.49,87,3.5,249,Telefone,17.39,12,Não,Tempo De Espera Elevado,Funcionário Público,Digitalização,60.42
1696,2024-06-13,Departamento De Saúde Pública,Chatbot,72.08,80.58,81,3.8,368,Email,20.42,10,Não,Falta De Informação,Empresa,Ambiente,63.78
1697,2024-06-30,Direcção De Serviços Financeiros,Atendimento Presencial,82.60,82.81,62,4.0,299,Presencial,15.18,6,Sim,Muito Satisfeito,Utilizador Vulnerável,Inovação,73.45
1698,2024-07-17,Departamento De Inovação E Digitalização,Portal Online,84.41,88.46,38,4.2,245,Chatbot,9.50,4,Sim,Bom Serviço,Reforma/Pensionista,Educação,85.41
1699,2024-08-03,Direcção De Recursos Humanos,Balcão Único,73.14,76.58,81,3.5,351,Portal,16.54,8,Não,Processo Complicado,Cidadão,Saúde,66.67
1700,2024-08-20,Departamento De Planeamento Estratégico,Email,84.50,88.64,42,4.3,299,Aplicacao_Movel,9.40,4,Sim,Falta De Informação,Estudante,Social,81.38
1701,2024-09-06,Serviços De Educação,Serviços Digitais,85.79,91.52,47,4.5,401,Telefone,10.23,5,Sim,Muito Satisfeito,Funcionário Público,Cultura,82.81
1702,2024-09-23,Gabinete De Atendimento Ao Cidadão,Telefone,81.55,85.84,51,4.1,303,Email,7.75,7,Sim,Falta De Informação,Empresa,Mobilidade,79.61
1703,2024-10-10,Serviços De Ti,Chatbot,77.45,80.23,72,3.7,273,Presencial,15.39,8,Não,Precisa Melhorias,Utilizador Vulnerável,Habitação,67.46
1704,2024-11-07,Departamento De Saúde Pública,Atendimento Presencial,87.01,89.16,56,4.4,251,Chatbot,8.55,6,Não,Falta De Informação,Reforma/Pensionista,Digitalização,79.27
1705,2024-11-24,Direcção De Serviços Financeiros,Portal Online,74.18,79.46,61,4.1,216,Portal,14.64,7,Sim,Muito Satisfeito,Cidadão,Ambiente,72.24
1706,2024-12-11,Departamento De Inovação E Digitalização,Balcão Único,81.85,83.72,61,3.9,282,Aplicacao_Movel,12.55,8,Sim,Falta De Informação,Estudante,Inovação,76.89
1707,2024-12-28,Direcção De Recursos Humanos,Email,72.43,77.39,73,3.5,214,Telefone,15.03,9,Não,Sistema Lento,Funcionário Público,Educação,67.47
1708,2024-01-14,Departamento De Planeamento Estratégico,Serviços Digitais,79.02,86.14,43,4.2,229,Email,13.07,5,Sim,Falta De Informação,Empresa,Saúde,78.66
1709,2024-01-31,Serviços De Educação,Telefone,78.38,83.05,74,4.0,212,Presencial,12.29,10,Sim,Muito Satisfeito,Utilizador Vulnerável,Social,71.56
1710,2024-02-17,Gabinete De Atendimento Ao Cidadão,Chatbot,81.04,87.23,56,4.2,413,Chatbot,9.63,7,Sim,Falta De Informação,Reforma/Pensionista,Cultura,78.82
1711,2024-03-05,Serviços De Ti,Atendimento Presencial,85.96,87.71,29,4.6,387,Portal,6.36,3,Sim,Muito Satisfeito,Cidadão,Mobilidade,84.65
1712,2024-03-22,Departamento De Saúde Pública,Portal Online,72.45,78.58,76,3.6,208,Aplicacao_Movel,12.55,8,Sim,Sistema Lento,Estudante,Habitação,69.95
1713,2024-04-19,Direcção De Serviços Financeiros,Balcão Único,75.18,81.94,80,3.6,265,Telefone,16.20,8,Não,Precisa Melhorias,Funcionário Público,Digitalização,69.50
1714,2024-05-06,Departamento De Inovação E Digitalização,Email,71.06,80.47,85,3.7,253,Email,18.62,10,Não,Processo Complicado,Empresa,Ambiente,62.70
1715,2024-05-23,Direcção De Recursos Humanos,Serviços Digitais,87.32,93.35,33,4.7,335,Presencial,4.33,5,Sim,Resposta Rápida E Eficaz,Utilizador Vulnerável,Inovação,86.67
1716,2024-06-09,Departamento De Planeamento Estratégico,Telefone,77.99,79.65,69,4.0,231,Chatbot,17.32,8,Sim,Falta De Informação,Reforma/Pensionista,Educação,68.97
1717,2024-06-26,Serviços De Educação,Chatbot,82.85,91.38,36,4.5,342,Portal,9.11,5,Sim,Muito Satisfeito,Cidadão,Saúde,82.84
1718,2024-07-13,Gabinete De Atendimento Ao Cidadão,Atendimento Presencial,72.91,77.03,81,3.6,181,Aplicacao_Movel,18.64,10,Sim,Precisa Melhorias,Estudante,Social,67.29
1719,2024-07-30,Serviços De Ti,Portal Online,85.94,89.83,29,4.4,415,Telefone,9.53,4,Sim,Muito Satisfeito,Funcionário Público,Cultura,84.61
1720,2024-08-16,Departamento De Saúde Pública,Balcão Único,68.31,78.43,88,3.7,176,Email,20.75,10,Sim,Tempo De Espera Elevado,Empresa,Mobilidade,63.33
1721,2024-09-02,Direcção De Serviços Financeiros,Email,81.92,84.01,65,3.8,332,Presencial,15.39,8,Sim,Muito Satisfeito,Utilizador Vulnerável,Habitação,72.56
1722,2024-09-30,Departamento De Inovação E Digitalização,Serviços Digitais,88.40,90.93,27,4.4,421,Chatbot,4.61,4,Não,Excelente Atendimento,Reforma/Pensionista,Digitalização,90.13
1723,2024-10-17,Direcção De Recursos Humanos,Telefone,91.09,91.72,14,4.4,383,Portal,2.27,2,Sim,Bom Serviço,Cidadão,Ambiente,90.90
1724,2024-11-03,Departamento De Planeamento Estratégico,Chatbot,78.34,80.97,60,3.7,238,Aplicacao_Movel,13.09,6,Sim,Falta De Informação,Estudante,Inovação,74.35
1725,2024-11-20,Serviços De Educação,Atendimento Presencial,84.26,85.81,47,4.4,282,Telefone,9.72,4,Sim,Muito Satisfeito,Funcionário Público,Educação,84.04
1726,2024-12-07,Gabinete De Atendimento Ao Cidadão,Portal Online,87.22,92.54,39,4.4,300,Email,5.30,2,Sim,Muito Satisfeito,Empresa,Saúde,87.61
1727,2024-12-24,Serviços De Ti,Balcão Único,70.16,80.49,73,3.5,355,Presencial,16.00,10,Sim,Sistema Lento,Utilizador Vulnerável,Social,67.12
1728,2024-01-10,Departamento De Saúde Pública,Email,86.20,90.54,45,4.5,283,Chatbot,7.57,4,Sim,Falta De Informação,Reforma/Pensionista,Cultura,80.98
1729,2024-01-27,Direcção De Serviços Financeiros,Serviços Digitais,87.22,84.21,42,4.1,404,Portal,8.58,5,Sim,Muito Satisfeito,Cidadão,Mobilidade,79.33
1730,2024-02-13,Departamento De Inovação E Digitalização,Telefone,75.24,84.10,76,3.8,360,Aplicacao_Movel,12.85,8,Sim,Falta De Informação,Estudante,Habitação,71.90
1731,2024-03-12,Direcção De Recursos Humanos,Chatbot,80.87,86.52,52,4.1,300,Telefone,13.27,6,Não,Muito Satisfeito,Funcionário Público,Digitalização,76.51
1732,2024-03-29,Departamento De Planeamento Estratégico,Atendimento Presencial,80.52,84.15,73,3.6,220,Email,12.94,7,Sim,Falta De Informação,Empresa,Ambiente,71.18
1733,2024-04-15,Serviços De Educação,Portal Online,76.20,84.30,62,4.2,378,Presencial,12.23,8,Sim,Muito Satisfeito,Utilizador Vulnerável,Inovação,73.22
1734,2024-05-02,Gabinete De Atendimento Ao Cidadão,Balcão Único,91.31,89.42,35,4.7,414,Chatbot,9.33,5,Sim,Serviço Eficiente,Reforma/Pensionista,Educação,86.52
1735,2024-05-19,Serviços De Ti,Email,80.12,86.99,45,4.1,418,Portal,8.66,6,Sim,Muito Satisfeito,Cidadão,Saúde,79.77
1736,2024-06-05,Departamento De Saúde Pública,Serviços Digitais,66.69,74.72,91,3.3,312,Aplicacao_Movel,18.07,12,Não,Falta De Informação,Estudante,Social,61.59
1737,2024-06-22,Direcção De Serviços Financeiros,Telefone,71.91,77.02,70,3.8,297,Telefone,17.49,8,Não,Sistema Lento,Funcionário Público,Cultura,67.56
1738,2024-07-09,Departamento De Inovação E Digitalização,Chatbot,87.91,86.20,47,4.5,419,Email,7.60,6,Sim,Falta De Informação,Empresa,Mobilidade,83.47
1739,2024-07-26,Direcção De Recursos Humanos,Atendimento Presencial,92.75,89.42,39,4.2,286,Presencial,6.27,4,Sim,Serviço Eficiente,Utilizador Vulnerável,Habitação,85.93
1740,2024-08-23,Departamento De Planeamento Estratégico,Portal Online,76.52,78.11,80,3.7,334,Chatbot,15.07,10,Não,Tempo De Espera Elevado,Reforma/Pensionista,Digitalização,65.34
1741,2024-09-09,Serviços De Educação,Balcão Único,78.34,82.42,64,3.6,286,Portal,16.85,7,Sim,Muito Satisfeito,Cidadão,Ambiente,70.54
1742,2024-09-26,Gabinete De Atendimento Ao Cidadão,Email,87.64,85.51,40,4.2,273,Aplicacao_Movel,6.49,6,Sim,Falta De Informação,Estudante,Inovação,83.16
1743,2024-10-13,Serviços De Ti,Serviços Digitais,92.31,91.54,20,4.3,284,Telefone,6.57,4,Sim,Bom Serviço,Funcionário Público,Educação,89.54
1744,2024-10-30,Departamento De Saúde Pública,Telefone,81.18,86.24,54,4.2,296,Email,14.31,9,Sim,Falta De Informação,Empresa,Saúde,74.67
1745,2024-11-16,Direcção De Serviços Financeiros,Chatbot,86.12,91.25,23,4.4,424,Presencial,8.97,4,Sim,Resposta Rápida E Eficaz,Utilizador Vulnerável,Social,87.62
1746,2024-12-03,Departamento De Inovação E Digitalização,Atendimento Presencial,87.72,90.38,33,4.6,345,Chatbot,7.55,3,Sim,Falta De Informação,Reforma/Pensionista,Cultura,84.77
1747,2024-12-20,Direcção De Recursos Humanos,Portal Online,74.87,83.78,79,3.7,380,Portal,14.21,9,Sim,Sistema Lento,Cidadão,Mobilidade,69.96
1748,2024-01-06,Departamento De Planeamento Estratégico,Balcão Único,94.06,92.14,26,4.4,447,Aplicacao_Movel,2.77,2,Sim,Bom Serviço,Estudante,Habitação,90.27
1749,2024-02-03,Serviços De Educação,Email,84.35,86.94,55,4.3,381,Telefone,10.01,8,Não,Muito Satisfeito,Funcionário Público,Digitalização,78.96
1750,2024-02-20,Gabinete De Atendimento Ao Cidadão,Serviços Digitais,75.21,82.56,68,3.5,325,Email,17.64,11,Sim,Tempo De Espera Elevado,Empresa,Ambiente,68.25
1751,2024-03-08,Serviços De Ti,Telefone,88.53,90.95,42,4.4,342,Presencial,9.04,6,Sim,Muito Satisfeito,Utilizador Vulnerável,Inovação,82.04
1752,2024-03-25,Departamento De Saúde Pública,Chatbot,92.19,90.52,37,4.4,408,Chatbot,8.22,5,Sim,Excelente Atendimento,Reforma/Pensionista,Educação,87.61
1753,2024-04-11,Direcção De Serviços Financeiros,Atendimento Presencial,75.18,84.31,73,3.6,259,Portal,16.20,8,Sim,Muito Satisfeito,Cidadão,Saúde,71.09
1754,2024-04-28,Departamento De Inovação E Digitalização,Portal Online,89.74,92.49,36,4.3,361,Aplicacao_Movel,6.18,5,Sim,Serviço Eficiente,Estudante,Social,85.94
1755,2024-05-15,Direcção De Recursos Humanos,Balcão Único,84.96,86.69,43,4.1,270,Telefone,7.39,5,Sim,Muito Satisfeito,Funcionário Público,Cultura,83.70
1756,2024-06-01,Departamento De Planeamento Estratégico,Email,80.56,84.86,51,3.9,272,Email,14.11,8,Sim,Falta De Informação,Empresa,Mobilidade,75.98
1757,2024-06-18,Serviços De Educação,Serviços Digitais,83.81,82.99,63,3.9,341,Presencial,12.53,7,Sim,Muito Satisfeito,Utilizador Vulnerável,Habitação,77.37
1758,2024-07-16,Gabinete De Atendimento Ao Cidadão,Telefone,85.08,84.28,41,4.3,271,Chatbot,11.89,6,Não,Falta De Informação,Reforma/Pensionista,Digitalização,80.25
1759,2024-08-02,Serviços De Ti,Chatbot,79.86,85.31,64,4.0,333,Portal,12.76,6,Sim,Muito Satisfeito,Cidadão,Ambiente,76.52
1760,2024-08-19,Departamento De Saúde Pública,Atendimento Presencial,92.45,93.17,7,4.9,280,Aplicacao_Movel,3.07,3,Sim,Resposta Rápida E Eficaz,Estudante,Inovação,93.89
1761,2024-09-05,Direcção De Serviços Financeiros,Portal Online,87.33,87.28,27,4.4,351,Telefone,8.12,5,Sim,Muito Satisfeito,Funcionário Público,Educação,86.25
1762,2024-09-22,Departamento De Inovação E Digitalização,Balcão Único,84.80,88.77,45,4.4,349,Email,7.29,5,Sim,Falta De Informação,Empresa,Saúde,81.76
1763,2024-10-09,Direcção De Recursos Humanos,Email,97.78,93.04,5,4.7,352,Presencial,4.67,0,Sim,Bom Serviço,Utilizador Vulnerável,Social,95.40
1764,2024-10-26,Departamento De Planeamento Estratégico,Serviços Digitais,79.79,81.96,59,3.9,342,Chatbot,14.56,5,Sim,Falta De Informação,Reforma/Pensionista,Cultura,75.89
1765,2024-11-12,Serviços De Educação,Telefone,86.94,90.72,32,4.3,384,Portal,9.54,6,Sim,Resposta Rápida E Eficaz,Cidadão,Mobilidade,85.16
1766,2024-11-29,Gabinete De Atendimento Ao Cidadão,Chatbot,82.76,80.20,61,4.1,238,Aplicacao_Movel,11.11,7,Sim,Falta De Informação,Estudante,Habitação,73.93
1767,2024-12-27,Serviços De Ti,Atendimento Presencial,94.04,94.00,24,4.9,348,Telefone,5.01,2,Não,Excelente Atendimento,Funcionário Público,Digitalização,92.73
1768,2024-01-13,Departamento De Saúde Pública,Portal Online,86.03,84.55,46,4.4,298,Email,8.05,4,Sim,Falta De Informação,Empresa,Ambiente,81.85
1769,2024-01-30,Direcção De Serviços Financeiros,Balcão Único,76.50,83.01,63,3.9,232,Presencial,14.21,7,Sim,Muito Satisfeito,Utilizador Vulnerável,Inovação,72.86
1770,2024-02-16,Departamento De Inovação E Digitalização,Email,95.64,96.56,18,4.8,476,Chatbot,0.23,0,Sim,Resposta Rápida E Eficaz,Reforma/Pensionista,Educação,95.92
1771,2024-03-04,Direcção De Recursos Humanos,Serviços Digitais,92.33,89.22,28,4.3,398,Portal,7.79,5,Sim,Muito Satisfeito,Cidadão,Saúde,87.91
1772,2024-03-21,Departamento De Planeamento Estratégico,Telefone,80.81,84.09,52,3.9,211,Aplicacao_Movel,10.81,7,Sim,Falta De Informação,Estudante,Social,75.70
1773,2024-04-07,Serviços De Educação,Chatbot,80.64,88.48,50,4.0,276,Telefone,10.59,7,Sim,Muito Satisfeito,Funcionário Público,Cultura,78.73
1774,2024-04-24,Gabinete De Atendimento Ao Cidadão,Atendimento Presencial,79.84,83.05,61,3.9,379,Email,14.22,5,Sim,Falta De Informação,Empresa,Mobilidade,76.84
1775,2024-05-11,Serviços De Ti,Portal Online,88.05,89.38,36,4.7,272,Presencial,4.06,2,Sim,Resposta Rápida E Eficaz,Utilizador Vulnerável,Habitação,87.96
1776,2024-06-08,Departamento De Saúde Pública,Balcão Único,88.66,88.02,31,4.3,452,Chatbot,5.01,3,Não,Muito Satisfeito,Reforma/Pensionista,Digitalização,87.70
1777,2024-06-25,Direcção De Serviços Financeiros,Email,93.71,95.42,17,5.0,467,Portal,5.21,3,Sim,Excelente Atendimento,Cidadão,Ambiente,94.38
1778,2024-07-12,Departamento De Inovação E Digitalização,Serviços Digitais,89.50,90.13,45,4.2,421,Aplicacao_Movel,8.12,4,Sim,Falta De Informação,Estudante,Inovação,81.96
1779,2024-07-29,Direcção De Recursos Humanos,Telefone,90.01,92.28,33,4.9,387,Telefone,7.41,4,Sim,Serviço Eficiente,Funcionário Público,Educação,89.94
1780,2024-08-15,Departamento De Planeamento Estratégico,Chatbot,92.82,95.72,11,4.6,370,Email,5.63,3,Sim,Resposta Rápida E Eficaz,Empresa,Saúde,94.05
1781,2024-09-01,Serviços De Educação,Atendimento Presencial,92.60,90.93,19,4.7,416,Presencial,2.65,3,Sim,Muito Satisfeito,Utilizador Vulnerável,Social,89.94
1782,2024-09-18,Gabinete De Atendimento Ao Cidadão,Portal Online,79.77,84.94,73,3.8,212,Chatbot,15.08,7,Sim,Falta De Informação,Reforma/Pensionista,Cultura,70.70
1783,2024-10-05,Serviços De Ti,Balcão Único,87.23,86.86,33,4.2,354,Portal,7.27,5,Sim,Bom Serviço,Cidadão,Mobilidade,85.36
1784,2024-10-22,Departamento De Saúde Pública,Email,90.42,94.07,26,4.5,348,Aplicacao_Movel,7.64,5,Sim,Serviço Eficiente,Estudante,Habitação,87.54
1785,2024-11-19,Direcção De Serviços Financeiros,Serviços Digitais,89.41,89.57,35,4.6,257,Telefone,7.31,2,Não,Resposta Rápida E Eficaz,Funcionário Público,Digitalização,87.17
1786,2024-12-06,Departamento De Inovação E Digitalização,Telefone,90.44,89.59,39,4.5,287,Email,5.33,6,Sim,Muito Satisfeito,Empresa,Ambiente,86.61
1787,2024-12-23,Direcção De Recursos Humanos,Chatbot,83.95,87.64,43,4.2,297,Presencial,5.37,5,Sim,Muito Satisfeito,Utilizador Vulnerável,Inovação,84.46
1788,2024-01-09,Departamento De Planeamento Estratégico,Atendimento Presencial,75.04,84.20,74,4.1,321,Chatbot,14.68,7,Sim,Falta De Informação,Reforma/Pensionista,Educação,71.19
1789,2024-01-26,Serviços De Educação,Portal Online,86.39,88.29,30,4.6,380,Portal,6.50,5,Sim,Serviço Eficiente,Cidadão,Saúde,87.16
1790,2024-02-12,Gabinete De Atendimento Ao Cidadão,Balcão Único,83.17,85.86,42,4.0,350,Aplicacao_Movel,11.16,4,Sim,Falta De Informação,Estudante,Social,79.98
1791,2024-02-29,Serviços De Ti,Email,69.65,80.37,86,3.9,275,Telefone,19.26,8,Sim,Falta De Informação,Funcionário Público,Cultura,65.88
1792,2024-03-17,Departamento De Saúde Pública,Serviços Digitais,89.45,89.89,49,4.2,436,Email,11.66,5,Sim,Falta De Informação,Empresa,Mobilidade,82.17
1793,2024-04-03,Direcção De Serviços Financeiros,Telefone,72.84,76.40,82,3.9,226,Presencial,18.11,11,Não,Precisa Melhorias,Utilizador Vulnerável,Habitação,66.50
1794,2024-05-01,Departamento De Inovação E Digitalização,Chatbot,90.73,90.59,41,4.4,426,Chatbot,10.26,5,Não,Falta De Informação,Reforma/Pensionista,Digitalização,83.64
1795,2024-05-18,Direcção De Recursos Humanos,Atendimento Presencial,83.76,87.64,47,4.2,386,Portal,7.82,5,Sim,Muito Satisfeito,Cidadão,Ambiente,83.69
1796,2024-06-04,Departamento De Planeamento Estratégico,Portal Online,94.36,94.75,31,4.5,290,Aplicacao_Movel,7.16,2,Sim,Muito Satisfeito,Estudante,Inovação,90.75
1797,2024-06-21,Serviços De Educação,Balcão Único,91.14,85.74,35,4.1,391,Telefone,7.13,4,Sim,Muito Satisfeito,Funcionário Público,Educação,83.65
1798,2024-07-08,Gabinete De Atendimento Ao Cidadão,Email,86.89,89.28,56,4.2,279,Email,11.41,5,Sim,Falta De Informação,Empresa,Saúde,79.80
1799,2024-07-25,Serviços De Ti,Serviços Digitais,86.43,85.65,48,4.3,325,Presencial,12.73,5,Sim,Muito Satisfeito,Utilizador Vulnerável,Social,78.73
1800,2024-08-11,Departamento De Saúde Pública,Telefone,99.99,97.72,15,4.8,428,Chatbot,2.52,0,Sim,Resposta Rápida E Eficaz,Reforma/Pensionista,Cultura,97.46
1801,2024-08-28,Direcção De Serviços Financeiros,Chatbot,80.32,84.96,66,3.6,348,Portal,16.79,9,Sim,Muito Satisfeito,Cidadão,Mobilidade,70.95
1802,2024-09-14,Departamento De Inovação E Digitalização,Atendimento Presencial,81.99,87.74,60,4.3,358,Aplicacao_Movel,9.04,6,Sim,Falta De Informação,Estudante,Habitação,77.86
1803,2024-10-12,Direcção De Recursos Humanos,Portal Online,92.27,91.82,31,4.4,432,Telefone,8.28,2,Não,Bom Serviço,Funcionário Público,Digitalização,87.46
1804,2024-10-29,Departamento De Planeamento Estratégico,Balcão Único,93.77,91.18,13,4.9,414,Email,6.00,1,Sim,Serviço Eficiente,Empresa,Ambiente,91.51
1805,2024-11-15,Serviços De Educação,Email,76.64,84.78,75,4.0,230,Presencial,13.60,10,Sim,Muito Satisfeito,Utilizador Vulnerável,Inovação,71.73
1806,2024-12-02,Gabinete De Atendimento Ao Cidadão,Serviços Digitais,94.30,92.09,22,4.7,290,Chatbot,4.78,3,Sim,Muito Satisfeito,Reforma/Pensionista,Educação,91.69
1807,2024-12-19,Serviços De Ti,Telefone,81.42,84.80,59,3.9,352,Portal,11.20,6,Sim,Muito Satisfeito,Cidadão,Saúde,74.20
1808,2024-01-05,Departamento De Saúde Pública,Chatbot,76.63,80.10,64,3.8,320,Aplicacao_Movel,14.21,6,Sim,Falta De Informação,Estudante,Social,73.83
1809,2024-01-22,Direcção De Serviços Financeiros,Atendimento Presencial,77.90,79.81,71,3.9,250,Telefone,14.97,6,Sim,Muito Satisfeito,Funcionário Público,Cultura,71.41
1810,2024-02-08,Departamento De Inovação E Digitalização,Portal Online,88.86,86.51,42,4.1,342,Email,9.26,6,Sim,Falta De Informação,Empresa,Mobilidade,83.44
1811,2024-02-25,Direcção De Recursos Humanos,Balcão Único,75.94,84.11,61,4.1,296,Presencial,10.79,5,Sim,Muito Satisfeito,Utilizador Vulnerável,Habitação,74.34
1812,2024-03-24,Departamento De Planeamento Estratégico,Email,84.41,88.07,40,4.2,256,Chatbot,5.57,6,Não,Falta De Informação,Reforma/Pensionista,Digitalização,84.86
1813,2024-04-10,Serviços De Educação,Serviços Digitais,90.13,91.40,34,4.3,310,Portal,7.39,5,Sim,Muito Satisfeito,Cidadão,Ambiente,83.96
1814,2024-04-27,Gabinete De Atendimento Ao Cidadão,Telefone,91.66,92.06,28,4.2,426,Aplicacao_Movel,7.75,5,Sim,Serviço Eficiente,Estudante,Inovação,86.16
1815,2024-05-14,Serviços De Ti,Chatbot,94.49,90.86,23,4.4,338,Telefone,5.35,3,Sim,Resposta Rápida E Eficaz,Funcionário Público,Educação,91.54
1816,2024-05-31,Departamento De Saúde Pública,Atendimento Presencial,82.82,85.09,45,4.4,271,Email,8.60,7,Sim,Falta De Informação,Empresa,Saúde,81.33
1817,2024-06-17,Direcção De Serviços Financeiros,Portal Online,91.18,93.70,28,4.6,371,Presencial,3.24,4,Sim,Excelente Atendimento,Utilizador Vulnerável,Social,89.29
1818,2024-07-04,Departamento De Inovação E Digitalização,Balcão Único,84.56,88.24,41,4.3,426,Chatbot,8.54,6,Sim,Falta De Informação,Reforma/Pensionista,Cultura,83.61
1819,2024-07-21,Direcção De Recursos Humanos,Email,92.27,91.19,22,4.8,288,Portal,5.44,5,Sim,Serviço Eficiente,Cidadão,Mobilidade,89.68
1820,2024-08-07,Departamento De Planeamento Estratégico,Serviços Digitais,88.86,90.25,23,4.6,332,Aplicacao_Movel,8.09,3,Sim,Resposta Rápida E Eficaz,Estudante,Habitação,87.78
1821,2024-09-04,Serviços De Educação,Telefone,82.16,83.60,58,4.4,276,Telefone,12.41,6,Não,Muito Satisfeito,Funcionário Público,Digitalização,79.10
1822,2024-09-21,Gabinete De Atendimento Ao Cidadão,Chatbot,76.23,83.37,71,3.7,402,Email,10.56,6,Sim,Falta De Informação,Empresa,Ambiente,74.08
1823,2024-10-08,Serviços De Ti,Atendimento Presencial,83.54,85.65,48,3.9,391,Presencial,13.17,5,Sim,Muito Satisfeito,Utilizador Vulnerável,Inovação,78.08
1824,2024-10-25,Departamento De Saúde Pública,Portal Online,96.62,93.95,15,4.9,371,Chatbot,4.40,2,Sim,Serviço Eficiente,Reforma/Pensionista,Educação,93.32
1825,2024-11-11,Direcção De Serviços Financeiros,Balcão Único,71.65,81.78,73,3.5,205,Portal,14.48,10,Sim,Tempo De Espera Elevado,Cidadão,Saúde,68.93
1826,2024-11-28,Departamento De Inovação E Digitalização,Email,92.91,94.39,20,4.3,438,Aplicacao_Movel,7.80,3,Sim,Muito Satisfeito,Estudante,Social,88.32
1827,2024-12-15,Direcção De Recursos Humanos,Serviços Digitais,84.57,87.31,43,4.4,334,Telefone,5.97,6,Sim,Muito Satisfeito,Funcionário Público,Cultura,84.15
1828,2024-01-01,Departamento De Planeamento Estratégico,Telefone,82.28,86.94,44,4.1,422,Email,11.06,6,Sim,Falta De Informação,Empresa,Mobilidade,82.31
1829,2024-01-18,Serviços De Educação,Chatbot,81.42,83.36,55,3.9,358,Presencial,14.82,7,Sim,Muito Satisfeito,Utilizador Vulnerável,Habitação,74.25
1830,2024-02-15,Gabinete De Atendimento Ao Cidadão,Atendimento Presencial,87.56,89.95,22,4.4,430,Chatbot,3.75,2,Não,Resposta Rápida E Eficaz,Reforma/Pensionista,Digitalização,87.88
1831,2024-03-03,Serviços De Ti,Portal Online,89.76,86.62,47,4.3,346,Portal,10.15,4,Sim,Muito Satisfeito,Cidadão,Ambiente,82.60
1832,2024-03-20,Departamento De Saúde Pública,Balcão Único,88.67,84.87,47,4.0,433,Aplicacao_Movel,11.61,3,Sim,Falta De Informação,Estudante,Inovação,82.27
1833,2024-04-06,Direcção De Serviços Financeiros,Email,88.51,88.17,20,4.3,379,Telefone,3.37,4,Sim,Bom Serviço,Funcionário Público,Educação,88.31
1834,2024-04-23,Departamento De Inovação E Digitalização,Serviços Digitais,79.38,82.85,57,4.1,284,Email,14.23,9,Sim,Falta De Informação,Empresa,Saúde,74.25
1835,2024-05-10,Direcção De Recursos Humanos,Telefone,79.74,83.27,58,4.3,380,Presencial,13.05,7,Sim,Muito Satisfeito,Utilizador Vulnerável,Social,77.53
1836,2024-05-27,Departamento De Planeamento Estratégico,Chatbot,86.96,87.74,42,4.1,404,Chatbot,9.00,4,Sim,Falta De Informação,Reforma/Pensionista,Cultura,80.16
1837,2024-06-13,Serviços De Educação,Atendimento Presencial,90.96,88.76,34,4.2,369,Portal,5.88,3,Sim,Excelente Atendimento,Cidadão,Mobilidade,87.09
1838,2024-06-30,Gabinete De Atendimento Ao Cidadão,Portal Online,75.96,83.32,72,4.1,359,Aplicacao_Movel,13.12,7,Sim,Falta De Informação,Estudante,Habitação,71.43
1839,2024-07-28,Serviços De Ti,Balcão Único,81.82,87.02,58,4.2,299,Telefone,12.28,7,Não,Muito Satisfeito,Funcionário Público,Digitalização,76.01
1840,2024-08-14,Departamento De Saúde Pública,Email,85.19,86.44,42,3.9,277,Email,8.01,4,Sim,Falta De Informação,Empresa,Ambiente,80.21
1841,2024-08-31,Direcção De Serviços Financeiros,Serviços Digitais,82.72,87.13,49,4.4,411,Presencial,11.06,6,Sim,Muito Satisfeito,Utilizador Vulnerável,Inovação,79.96
1842,2024-09-17,Departamento De Inovação E Digitalização,Telefone,90.52,90.23,32,4.7,407,Chatbot,3.88,4,Sim,Excelente Atendimento,Reforma/Pensionista,Educação,89.35
1843,2024-10-04,Direcção De Recursos Humanos,Chatbot,93.35,92.91,37,4.7,423,Portal,4.57,3,Sim,Bom Serviço,Cidadão,Saúde,87.43
1844,2024-10-21,Departamento De Planeamento Estratégico,Atendimento Presencial,89.83,89.77,31,4.7,399,Aplicacao_Movel,5.28,2,Sim,Serviço Eficiente,Estudante,Social,87.15
1845,2024-11-07,Serviços De Educação,Portal Online,92.30,88.42,23,4.2,270,Telefone,4.98,3,Sim,Resposta Rápida E Eficaz,Funcionário Público,Cultura,87.65
1846,2024-11-24,Gabinete De Atendimento Ao Cidadão,Balcão Único,81.58,83.56,61,3.9,325,Email,16.73,8,Sim,Falta De Informação,Empresa,Mobilidade,71.82
1847,2024-12-11,Serviços De Ti,Email,77.74,87.41,60,3.8,387,Presencial,14.31,8,Sim,Muito Satisfeito,Utilizador Vulnerável,Habitação,75.40
1848,2024-01-08,Departamento De Saúde Pública,Serviços Digitais,75.97,82.88,57,4.0,313,Chatbot,12.04,6,Não,Falta De Informação,Reforma/Pensionista,Digitalização,72.49
1849,2024-01-25,Direcção De Serviços Financeiros,Telefone,80.30,85.22,49,3.8,238,Portal,13.43,6,Sim,Muito Satisfeito,Cidadão,Ambiente,76.78
1850,2024-02-11,Departamento De Inovação E Digitalização,Chatbot,86.41,87.93,28,4.4,447,Aplicacao_Movel,5.30,4,Sim,Resposta Rápida E Eficaz,Estudante,Inovação,87.28
1851,2024-02-28,Direcção De Recursos Humanos,Atendimento Presencial,84.19,82.34,62,4.0,273,Telefone,13.70,8,Sim,Muito Satisfeito,Funcionário Público,Educação,77.06
1852,2024-03-16,Departamento De Planeamento Estratégico,Portal Online,84.70,86.56,49,4.5,272,Email,12.03,7,Sim,Falta De Informação,Empresa,Saúde,81.19
1853,2024-04-02,Serviços De Educação,Balcão Único,78.24,81.53,73,3.9,298,Presencial,17.73,11,Sim,Precisa Melhorias,Utilizador Vulnerável,Social,68.35
1854,2024-04-19,Gabinete De Atendimento Ao Cidadão,Email,87.66,84.99,48,4.0,289,Chatbot,11.44,6,Sim,Falta De Informação,Reforma/Pensionista,Cultura,81.06
1855,2024-05-06,Serviços De Ti,Serviços Digitais,78.00,78.37,71,3.6,259,Portal,17.83,8,Sim,Tempo De Espera Elevado,Cidadão,Mobilidade,67.83
1856,2024-05-23,Departamento De Saúde Pública,Telefone,64.94,71.25,95,3.5,223,Aplicacao_Movel,19.53,13,Não,Falta De Informação,Estudante,Habitação,56.43
1857,2024-06-20,Direcção De Serviços Financeiros,Chatbot,82.90,88.59,50,3.9,375,Telefone,9.69,5,Não,Muito Satisfeito,Funcionário Público,Digitalização,78.27
1858,2024-07-07,Departamento De Inovação E Digitalização,Atendimento Presencial,73.48,81.19,86,3.7,195,Email,17.67,9,Sim,Precisa Melhorias,Empresa,Ambiente,67.22
1859,2024-07-24,Direcção De Recursos Humanos,Portal Online,95.01,92.91,21,4.7,391,Presencial,7.14,1,Sim,Serviço Eficiente,Utilizador Vulnerável,Inovação,89.60
1860,2024-08-10,Departamento De Planeamento Estratégico,Balcão Único,75.05,83.26,70,4.0,304,Chatbot,14.04,6,Sim,Falta De Informação,Reforma/Pensionista,Educação,73.44
1861,2024-08-27,Serviços De Educação,Email,83.59,86.17,47,3.9,239,Portal,14.01,6,Sim,Muito Satisfeito,Cidadão,Saúde,76.79
1862,2024-09-13,Gabinete De Atendimento Ao Cidadão,Serviços Digitais,76.66,85.93,63,4.2,408,Aplicacao_Movel,10.50,9,Sim,Falta De Informação,Estudante,Social,74.58
1863,2024-09-30,Serviços De Ti,Telefone,86.33,86.23,44,4.4,315,Telefone,6.56,5,Sim,Muito Satisfeito,Funcionário Público,Cultura,83.52
1864,2024-10-17,Departamento De Saúde Pública,Chatbot,75.18,81.90,86,3.5,204,Email,14.95,10,Não,Processo Complicado,Empresa,Mobilidade,65.16
1865,2024-11-03,Direcção De Serviços Financeiros,Atendimento Presencial,78.36,85.90,50,4.1,280,Presencial,12.03,7,Sim,Muito Satisfeito,Utilizador Vulnerável,Habitação,76.82
1866,2024-12-01,Departamento De Inovação E Digitalização,Portal Online,69.05,81.30,81,3.8,308,Chatbot,15.97,9,Não,Falta De Informação,Reforma/Pensionista,Digitalização,65.84
1867,2024-12-18,Direcção De Recursos Humanos,Balcão Único,72.82,79.87,87,3.4,342,Portal,15.91,10,Sim,Sistema Lento,Cidadão,Ambiente,66.01
1868,2024-01-04,Departamento De Planeamento Estratégico,Email,72.91,80.05,75,3.8,318,Aplicacao_Movel,17.02,10,Sim,Precisa Melhorias,Estudante,Inovação,67.09
1869,2024-01-21,Serviços De Educação,Serviços Digitais,76.88,82.86,71,3.7,385,Telefone,15.31,10,Sim,Processo Complicado,Funcionário Público,Educação,67.85
1870,2024-02-07,Gabinete De Atendimento Ao Cidadão,Telefone,80.23,82.10,54,3.7,367,Email,10.51,8,Sim,Falta De Informação,Empresa,Saúde,74.63
1871,2024-02-24,Serviços De Ti,Chatbot,74.56,81.24,58,4.1,236,Presencial,15.15,7,Sim,Muito Satisfeito,Utilizador Vulnerável,Social,72.85
1872,2024-03-12,Departamento De Saúde Pública,Atendimento Presencial,86.46,89.94,46,4.1,370,Chatbot,7.95,4,Sim,Falta De Informação,Reforma/Pensionista,Cultura,81.81
1873,2024-03-29,Direcção De Serviços Financeiros,Portal Online,82.77,85.89,53,4.2,280,Portal,12.70,6,Sim,Muito Satisfeito,Cidadão,Mobilidade,76.61
1874,2024-04-15,Departamento De Inovação E Digitalização,Balcão Único,95.20,93.68,31,4.5,425,Aplicacao_Movel,4.71,4,Sim,Serviço Eficiente,Estudante,Habitação,88.67
1875,2024-05-13,Direcção De Recursos Humanos,Email,84.48,89.21,36,4.3,278,Telefone,10.25,6,Não,Muito Satisfeito,Funcionário Público,Digitalização,81.87
1876,2024-05-30,Departamento De Planeamento Estratégico,Serviços Digitais,69.33,74.67,98,3.2,233,Email,19.42,12,Não,Falta De Informação,Empresa,Ambiente,58.72
1877,2024-06-16,Serviços De Educação,Telefone,78.96,85.32,57,3.9,403,Presencial,10.79,7,Sim,Muito Satisfeito,Utilizador Vulnerável,Inovação,73.10
1878,2024-07-03,Gabinete De Atendimento Ao Cidadão,Chatbot,72.43,80.99,88,3.5,360,Chatbot,15.62,11,Sim,Precisa Melhorias,Reforma/Pensionista,Educação,65.96
1879,2024-07-20,Serviços De Ti,Atendimento Presencial,81.77,80.05,59,4.1,213,Portal,11.70,7,Sim,Muito Satisfeito,Cidadão,Saúde,72.83
1880,2024-08-06,Departamento De Saúde Pública,Portal Online,74.48,78.13,76,3.5,361,Aplicacao_Movel,20.24,8,Sim,Tempo De Espera Elevado,Estudante,Social,64.43
1881,2024-08-23,Direcção De Serviços Financeiros,Balcão Único,93.25,91.65,37,4.4,275,Telefone,6.64,6,Sim,Muito Satisfeito,Funcionário Público,Cultura,86.48
1882,2024-09-09,Departamento De Inovação E Digitalização,Email,85.26,89.30,44,4.1,261,Email,8.13,6,Sim,Falta De Informação,Empresa,Mobilidade,79.69
1883,2024-09-26,Direcção De Recursos Humanos,Serviços Digitais,84.99,84.62,47,4.1,237,Presencial,11.94,7,Sim,Muito Satisfeito,Utilizador Vulnerável,Habitação,78.96
1884,2024-10-24,Departamento De Planeamento Estratégico,Telefone,80.60,80.87,64,4.1,324,Chatbot,15.22,8,Não,Falta De Informação,Reforma/Pensionista,Digitalização,72.95
1885,2024-11-10,Serviços De Educação,Chatbot,78.45,83.27,62,4.1,266,Portal,10.00,7,Sim,Muito Satisfeito,Cidadão,Ambiente,74.80
1886,2024-11-27,Gabinete De Atendimento Ao Cidadão,Atendimento Presencial,66.16,71.29,113,3.0,176,Aplicacao_Movel,20.94,12,Não,Falta De Informação,Estudante,Inovação,52.33
1887,2024-12-14,Serviços De Ti,Portal Online,77.40,82.88,80,3.5,278,Telefone,18.03,9,Sim,Sistema Lento,Funcionário Público,Educação,68.79
1888,2024-12-31,Departamento De Saúde Pública,Balcão Único,76.95,86.13,67,4.2,316,Email,14.43,6,Sim,Falta De Informação,Empresa,Saúde,73.88
1889,2024-01-17,Direcção De Serviços Financeiros,Email,87.68,87.63,55,4.0,402,Presencial,10.10,6,Sim,Muito Satisfeito,Utilizador Vulnerável,Social,79.64
1890,2024-02-03,Departamento De Inovação E Digitalização,Serviços Digitais,88.08,88.82,40,4.6,365,Chatbot,5.91,5,Sim,Falta De Informação,Reforma/Pensionista,Cultura,82.83
1891,2024-02-20,Direcção De Recursos Humanos,Telefone,72.08,77.78,93,3.7,267,Portal,17.87,11,Sim,Falta De Informação,Cidadão,Mobilidade,62.46
1892,2024-03-08,Departamento De Planeamento Estratégico,Chatbot,84.53,82.90,46,3.9,290,Aplicacao_Movel,9.88,7,Sim,Falta De Informação,Estudante,Habitação,77.34
1893,2024-04-05,Serviços De Educação,Atendimento Presencial,85.63,89.12,44,3.9,287,Telefone,7.52,6,Não,Muito Satisfeito,Funcionário Público,Digitalização,79.69
1894,2024-04-22,Gabinete De Atendimento Ao Cidadão,Portal Online,81.74,84.90,67,3.7,335,Email,12.34,9,Sim,Falta De Informação,Empresa,Ambiente,73.48
1895,2024-05-09,Serviços De Ti,Balcão Único,71.00,80.01,91,3.8,259,Presencial,16.04,10,Sim,Tempo De Espera Elevado,Utilizador Vulnerável,Inovação,64.52
1896,2024-05-26,Departamento De Saúde Pública,Email,78.31,82.01,68,4.0,220,Chatbot,15.15,8,Sim,Falta De Informação,Reforma/Pensionista,Educação,71.76
1897,2024-06-12,Direcção De Serviços Financeiros,Serviços Digitais,79.62,81.07,76,3.9,351,Portal,16.61,8,Sim,Muito Satisfeito,Cidadão,Saúde,70.57
1898,2024-06-29,Departamento De Inovação E Digitalização,Telefone,75.34,80.63,70,3.5,219,Aplicacao_Movel,18.61,10,Sim,Precisa Melhorias,Estudante,Social,68.17
1899,2024-07-16,Direcção De Recursos Humanos,Chatbot,83.17,85.90,57,4.2,311,Telefone,10.58,8,Sim,Muito Satisfeito,Funcionário Público,Cultura,74.34
1900,2024-08-02,Departamento De Planeamento Estratégico,Atendimento Presencial,66.83,74.64,102,3.1,167,Email,19.64,11,Não,Tempo De Espera Elevado,Empresa,Mobilidade,57.93
1901,2024-08-19,Serviços De Educação,Portal Online,62.69,72.70,112,3.3,200,Presencial,24.83,12,Não,Falta De Informação,Utilizador Vulnerável,Habitação,54.49
1902,2024-09-16,Gabinete De Atendimento Ao Cidadão,Balcão Único,82.11,85.53,58,4.2,303,Chatbot,12.18,7,Não,Falta De Informação,Reforma/Pensionista,Digitalização,78.71
1903,2024-10-03,Serviços De Ti,Email,89.16,91.75,38,4.6,358,Portal,10.53,4,Sim,Muito Satisfeito,Cidadão,Ambiente,83.70
1904,2024-10-20,Departamento De Saúde Pública,Serviços Digitais,75.20,81.52,71,3.8,218,Aplicacao_Movel,13.17,9,Sim,Processo Complicado,Estudante,Inovação,68.20
1905,2024-11-06,Direcção De Serviços Financeiros,Telefone,66.78,72.89,104,3.5,242,Telefone,23.13,13,Não,Tempo De Espera Elevado,Funcionário Público,Educação,56.94
1906,2024-11-23,Departamento De Inovação E Digitalização,Chatbot,89.62,89.17,47,4.3,292,Email,9.78,6,Sim,Falta De Informação,Empresa,Saúde,81.81
1907,2024-12-10,Direcção De Recursos Humanos,Atendimento Presencial,69.84,77.25,101,3.7,259,Presencial,18.35,12,Sim,Sistema Lento,Utilizador Vulnerável,Social,60.82
1908,2024-12-27,Departamento De Planeamento Estratégico,Portal Online,67.70,79.13,86,3.4,336,Chatbot,19.59,12,Sim,Precisa Melhorias,Reforma/Pensionista,Cultura,60.71
1909,2024-01-13,Serviços De Educação,Balcão Único,84.80,89.90,55,4.3,421,Portal,12.24,5,Sim,Muito Satisfeito,Cidadão,Mobilidade,79.75
1910,2024-01-30,Gabinete De Atendimento Ao Cidadão,Email,77.97,80.25,71,3.9,202,Aplicacao_Movel,15.99,7,Não,Falta De Informação,Estudante,Habitação,70.55
1911,2024-02-27,Serviços De Ti,Serviços Digitais,89.75,89.40,47,4.0,408,Telefone,6.95,4,Não,Muito Satisfeito,Funcionário Público,Digitalização,81.80
1912,2024-03-15,Departamento De Saúde Pública,Telefone,77.79,81.74,81,3.6,224,Email,17.57,9,Sim,Sistema Lento,Empresa,Ambiente,68.87
1913,2024-04-01,Direcção De Serviços Financeiros,Chatbot,65.30,78.66,99,3.3,197,Presencial,20.25,12,Não,Precisa Melhorias,Utilizador Vulnerável,Inovação,59.28
1914,2024-04-18,Departamento De Inovação E Digitalização,Atendimento Presencial,90.27,87.29,30,4.4,440,Chatbot,10.31,5,Sim,Falta De Informação,Reforma/Pensionista,Educação,83.82
1915,2024-05-05,Direcção De Recursos Humanos,Portal Online,83.61,84.02,44,4.2,405,Portal,9.63,4,Sim,Muito Satisfeito,Cidadão,Saúde,79.86
1916,2024-05-22,Departamento De Planeamento Estratégico,Balcão Único,76.50,83.11,68,4.1,313,Aplicacao_Movel,14.55,9,Sim,Falta De Informação,Estudante,Social,72.56
1917,2024-06-08,Serviços De Educação,Email,74.26,79.18,74,3.8,350,Telefone,14.98,7,Não,Muito Satisfeito,Funcionário Público,Cultura,71.10
1918,2024-06-25,Gabinete De Atendimento Ao Cidadão,Serviços Digitais,65.84,73.72,93,3.2,166,Email,22.17,13,Sim,Precisa Melhorias,Empresa,Mobilidade,59.90
1919,2024-07-12,Serviços De Ti,Telefone,62.23,71.53,118,3.0,290,Presencial,22.59,13,Não,Processo Complicado,Utilizador Vulnerável,Habitação,52.37
1920,2024-08-09,Departamento De Saúde Pública,Chatbot,72.42,82.88,72,3.9,317,Chatbot,14.08,9,Não,Tempo De Espera Elevado,Reforma/Pensionista,Digitalização,67.86
1921,2024-08-26,Direcção De Serviços Financeiros,Atendimento Presencial,78.87,80.90,67,3.9,251,Portal,13.04,7,Sim,Falta De Informação,Cidadão,Ambiente,69.91
1922,2024-09-12,Departamento De Inovação E Digitalização,Portal Online,83.37,90.56,41,4.4,398,Aplicacao_Movel,6.62,3,Sim,Falta De Informação,Estudante,Inovação,83.03
1923,2024-09-29,Direcção De Recursos Humanos,Balcão Único,80.54,85.05,52,4.4,323,Telefone,7.00,6,Sim,Muito Satisfeito,Funcionário Público,Educação,80.70
1924,2024-10-16,Departamento De Planeamento Estratégico,Email,88.68,84.87,51,4.5,432,Email,8.63,6,Sim,Falta De Informação,Empresa,Saúde,81.95
1925,2024-11-02,Serviços De Educação,Serviços Digitais,73.13,76.54,78,3.6,291,Presencial,14.83,11,Sim,Tempo De Espera Elevado,Utilizador Vulnerável,Social,66.73
1926,2024-11-19,Gabinete De Atendimento Ao Cidadão,Telefone,70.83,74.79,96,3.2,254,Chatbot,17.79,11,Não,Falta De Informação,Reforma/Pensionista,Cultura,60.95
1927,2024-12-06,Serviços De Ti,Chatbot,83.52,83.77,65,4.2,237,Portal,14.37,7,Sim,Muito Satisfeito,Cidadão,Mobilidade,75.66
1928,2024-12-23,Departamento De Saúde Pública,Atendimento Presencial,74.21,83.31,82,3.9,372,Aplicacao_Movel,17.15,9,Não,Precisa Melhorias,Estudante,Habitação,68.76
1929,2024-01-20,Direcção De Serviços Financeiros,Portal Online,92.38,91.43,35,4.4,266,Telefone,5.25,4,Não,Serviço Eficiente,Funcionário Público,Digitalização,87.21
1930,2024-02-06,Departamento De Inovação E Digitalização,Balcão Único,87.01,84.28,39,4.0,319,Email,12.02,7,Sim,Falta De Informação,Empresa,Ambiente,80.11
1931,2024-02-23,Direcção De Recursos Humanos,Email,72.55,78.87,96,3.3,243,Presencial,20.51,11,Não,Falta De Informação,Utilizador Vulnerável,Inovação,62.85
1932,2024-03-11,Departamento De Planeamento Estratégico,Serviços Digitais,60.43,71.13,111,3.0,220,Chatbot,23.09,12,Não,Sistema Lento,Reforma/Pensionista,Educação,50.11
1933,2024-03-28,Serviços De Educação,Telefone,74.11,79.68,68,3.6,388,Portal,12.63,10,Sim,Muito Satisfeito,Cidadão,Saúde,70.48
1934,2024-04-14,Gabinete De Atendimento Ao Cidadão,Chatbot,64.67,75.29,107,3.0,292,Aplicacao_Movel,23.88,12,Não,Processo Complicado,Estudante,Social,55.01
1935,2024-05-01,Serviços De Ti,Atendimento Presencial,77.62,79.69,66,3.9,321,Telefone,13.31,7,Sim,Muito Satisfeito,Funcionário Público,Cultura,72.27
1936,2024-05-18,Departamento De Saúde Pública,Portal Online,84.68,84.01,48,3.9,330,Email,12.62,5,Sim,Falta De Informação,Empresa,Mobilidade,78.96
1937,2024-06-04,Direcção De Serviços Financeiros,Balcão Único,75.46,77.17,76,3.9,189,Presencial,14.52,11,Sim,Sistema Lento,Utilizador Vulnerável,Habitação,65.88
1938,2024-07-02,Departamento De Inovação E Digitalização,Email,74.13,80.08,74,3.7,260,Chatbot,14.85,8,Não,Falta De Informação,Reforma/Pensionista,Digitalização,72.23
1939,2024-07-19,Direcção De Recursos Humanos,Serviços Digitais,88.36,88.10,49,4.2,243,Portal,6.80,3,Sim,Muito Satisfeito,Cidadão,Ambiente,82.35
1940,2024-08-05,Departamento De Planeamento Estratégico,Telefone,83.31,85.41,55,4.1,256,Aplicacao_Movel,13.49,8,Sim,Falta De Informação,Estudante,Inovação,74.94
1941,2024-08-22,Serviços De Educação,Chatbot,74.24,81.93,83,3.5,306,Telefone,16.64,10,Sim,Falta De Informação,Funcionário Público,Educação,68.34
1942,2024-09-08,Gabinete De Atendimento Ao Cidadão,Atendimento Presencial,77.93,79.76,68,3.7,299,Email,13.66,10,Sim,Falta De Informação,Empresa,Saúde,70.88
1943,2024-09-25,Serviços De Ti,Portal Online,90.32,89.03,35,4.2,257,Presencial,7.23,3,Sim,Bom Serviço,Utilizador Vulnerável,Social,85.51
1944,2024-10-12,Departamento De Saúde Pública,Balcão Único,74.79,79.75,68,3.7,355,Chatbot,14.67,9,Sim,Falta De Informação,Reforma/Pensionista,Cultura,72.07
1945,2024-10-29,Direcção De Serviços Financeiros,Email,91.63,88.28,39,4.2,327,Portal,5.48,3,Sim,Resposta Rápida E Eficaz,Cidadão,Mobilidade,85.28
1946,2024-11-15,Departamento De Inovação E Digitalização,Serviços Digitais,81.93,87.23,60,3.8,250,Aplicacao_Movel,10.33,8,Sim,Falta De Informação,Estudante,Habitação,76.35
1947,2024-12-13,Direcção De Recursos Humanos,Telefone,91.69,91.52,40,4.6,414,Telefone,8.95,4,Não,Excelente Atendimento,Funcionário Público,Digitalização,85.99
1948,2024-12-30,Departamento De Planeamento Estratégico,Chatbot,70.02,79.30,82,3.5,280,Email,18.89,8,Sim,Precisa Melhorias,Empresa,Ambiente,66.95
1949,2024-01-16,Serviços De Educação,Atendimento Presencial,80.17,85.39,66,4.1,364,Presencial,11.74,8,Sim,Muito Satisfeito,Utilizador Vulnerável,Inovação,71.68
1950,2024-02-02,Gabinete De Atendimento Ao Cidadão,Portal Online,77.62,78.01,73,3.9,239,Chatbot,13.81,10,Sim,Tempo De Espera Elevado,Reforma/Pensionista,Educação,67.78
1951,2024-02-19,Serviços De Ti,Balcão Único,82.56,84.69,58,4.0,219,Portal,10.73,5,Sim,Muito Satisfeito,Cidadão,Saúde,75.56
1952,2024-03-07,Departamento De Saúde Pública,Email,78.35,80.25,74,3.8,209,Aplicacao_Movel,15.53,7,Sim,Sistema Lento,Estudante,Social,69.30
1953,2024-03-24,Direcção De Serviços Financeiros,Serviços Digitais,91.35,88.21,26,4.3,313,Telefone,7.14,4,Sim,Bom Serviço,Funcionário Público,Cultura,88.01
1954,2024-04-10,Departamento De Inovação E Digitalização,Telefone,85.69,86.49,52,4.1,413,Email,8.95,5,Sim,Falta De Informação,Empresa,Mobilidade,77.99
1955,2024-04-27,Direcção De Recursos Humanos,Chatbot,71.71,79.05,69,3.5,350,Presencial,17.95,7,Não,Tempo De Espera Elevado,Utilizador Vulnerável,Habitação,68.78
1956,2024-05-25,Departamento De Planeamento Estratégico,Atendimento Presencial,70.46,77.96,87,3.7,221,Chatbot,15.78,8,Não,Falta De Informação,Reforma/Pensionista,Digitalização,66.14
1957,2024-06-11,Serviços De Educação,Portal Online,83.00,81.77,58,4.3,299,Portal,11.87,8,Sim,Muito Satisfeito,Cidadão,Ambiente,76.27
1958,2024-06-28,Gabinete De Atendimento Ao Cidadão,Balcão Único,67.89,75.69,91,3.1,233,Aplicacao_Movel,20.79,10,Não,Precisa Melhorias,Estudante,Inovação,58.40
1959,2024-07-15,Serviços De Ti,Email,73.00,79.03,66,3.6,349,Telefone,17.19,7,Não,Processo Complicado,Funcionário Público,Educação,68.62
1960,2024-08-01,Departamento De Saúde Pública,Serviços Digitais,77.18,82.80,61,4.1,299,Email,15.81,9,Sim,Falta De Informação,Empresa,Saúde,72.67
1961,2024-08-18,Direcção De Serviços Financeiros,Telefone,83.35,86.51,43,4.5,408,Presencial,9.81,6,Sim,Muito Satisfeito,Utilizador Vulnerável,Social,80.36
1962,2024-09-04,Departamento De Inovação E Digitalização,Chatbot,71.10,75.61,89,3.3,166,Chatbot,21.31,12,Sim,Sistema Lento,Reforma/Pensionista,Cultura,61.14
1963,2024-09-21,Direcção De Recursos Humanos,Atendimento Presencial,69.39,76.21,91,3.3,231,Portal,17.96,12,Não,Precisa Melhorias,Cidadão,Mobilidade,60.04
1964,2024-10-08,Departamento De Planeamento Estratégico,Portal Online,76.15,83.05,64,3.6,260,Aplicacao_Movel,12.94,8,Sim,Falta De Informação,Estudante,Habitação,72.19
1965,2024-11-05,Serviços De Educação,Balcão Único,71.32,78.07,84,3.6,325,Telefone,16.17,10,Não,Tempo De Espera Elevado,Funcionário Público,Digitalização,63.23
1966,2024-11-22,Gabinete De Atendimento Ao Cidadão,Email,75.63,76.85,88,3.7,204,Email,18.77,10,Não,Falta De Informação,Empresa,Ambiente,65.80
1967,2024-12-09,Serviços De Ti,Serviços Digitais,62.35,72.70,105,3.0,194,Presencial,24.83,12,Não,Sistema Lento,Utilizador Vulnerável,Inovação,54.33
1968,2024-12-26,Departamento De Saúde Pública,Telefone,64.17,71.63,94,3.5,324,Chatbot,22.93,11,Não,Precisa Melhorias,Reforma/Pensionista,Educação,58.26
1969,2024-01-12,Direcção De Serviços Financeiros,Chatbot,75.20,77.80,82,3.6,335,Portal,16.35,10,Não,Processo Complicado,Cidadão,Saúde,68.47
1970,2024-01-29,Departamento De Inovação E Digitalização,Atendimento Presencial,72.27,81.37,84,3.5,180,Aplicacao_Movel,18.44,8,Não,Tempo De Espera Elevado,Estudante,Social,66.37
1971,2024-02-15,Direcção De Recursos Humanos,Portal Online,65.03,74.92,88,3.5,230,Telefone,20.74,10,Sim,Falta De Informação,Funcionário Público,Cultura,59.07
1972,2024-03-03,Departamento De Planeamento Estratégico,Balcão Único,82.20,83.16,50,3.9,250,Email,10.22,5,Sim,Falta De Informação,Empresa,Mobilidade,75.79
1973,2024-03-20,Serviços De Educação,Email,79.48,80.62,78,3.8,249,Presencial,13.76,9,Sim,Precisa Melhorias,Utilizador Vulnerável,Habitação,68.97
1974,2024-04-17,Gabinete De Atendimento Ao Cidadão,Serviços Digitais,78.58,81.18,68,3.8,248,Chatbot,11.15,7,Não,Falta De Informação,Reforma/Pensionista,Digitalização,74.97
1975,2024-05-04,Serviços De Ti,Telefone,85.20,88.80,37,4.4,262,Portal,8.15,5,Sim,Resposta Rápida E Eficaz,Cidadão,Ambiente,85.45
1976,2024-05-21,Departamento De Saúde Pública,Chatbot,77.83,82.01,53,4.3,318,Aplicacao_Movel,12.23,7,Sim,Falta De Informação,Estudante,Inovação,75.57
1977,2024-06-07,Direcção De Serviços Financeiros,Atendimento Presencial,81.28,81.91,72,4.0,307,Telefone,12.00,9,Sim,Muito Satisfeito,Funcionário Público,Educação,72.69
1978,2024-06-24,Departamento De Inovação E Digitalização,Portal Online,74.28,82.51,73,3.8,399,Email,11.10,8,Sim,Falta De Informação,Empresa,Saúde,72.63
1979,2024-07-11,Direcção De Recursos Humanos,Balcão Único,72.41,75.76,85,3.7,346,Presencial,19.58,12,Não,Processo Complicado,Utilizador Vulnerável,Social,62.93
1980,2024-07-28,Departamento De Planeamento Estratégico,Email,86.50,87.58,30,4.7,403,Chatbot,6.09,4,Sim,Resposta Rápida E Eficaz,Reforma/Pensionista,Cultura,86.75
1981,2024-08-14,Serviços De Educação,Serviços Digitais,74.48,82.09,73,3.6,300,Portal,15.54,8,Sim,Falta De Informação,Cidadão,Mobilidade,68.08
1982,2024-08-31,Gabinete De Atendimento Ao Cidadão,Telefone,93.07,87.87,37,4.3,420,Aplicacao_Movel,6.67,4,Sim,Excelente Atendimento,Estudante,Habitação,87.35
1983,2024-09-28,Serviços De Ti,Chatbot,81.21,84.77,39,4.3,321,Telefone,11.29,7,Não,Muito Satisfeito,Funcionário Público,Digitalização,79.82
1984,2024-10-15,Departamento De Saúde Pública,Atendimento Presencial,65.76,80.10,87,3.6,347,Email,21.07,10,Sim,Processo Complicado,Empresa,Ambiente,62.10
1985,2024-11-01,Direcção De Serviços Financeiros,Portal Online,83.87,82.27,64,4.0,341,Presencial,11.26,5,Sim,Muito Satisfeito,Utilizador Vulnerável,Inovação,75.47
1986,2024-11-18,Departamento De Inovação E Digitalização,Balcão Único,73.87,82.20,86,3.8,242,Chatbot,15.76,9,Sim,Falta De Informação,Reforma/Pensionista,Educação,67.54
1987,2024-12-05,Direcção De Recursos Humanos,Email,72.22,81.38,79,3.7,361,Portal,20.17,8,Sim,Sistema Lento,Cidadão,Saúde,64.50
1988,2024-12-22,Departamento De Planeamento Estratégico,Serviços Digitais,76.20,85.79,69,4.1,201,Aplicacao_Movel,14.34,9,Sim,Falta De Informação,Estudante,Social,73.15
1989,2024-01-08,Serviços De Educação,Telefone,89.26,90.71,39,4.2,340,Telefone,5.74,6,Sim,Muito Satisfeito,Funcionário Público,Cultura,83.45
1990,2024-01-25,Gabinete De Atendimento Ao Cidadão,Chatbot,77.87,78.75,84,3.8,227,Email,13.95,9,Sim,Tempo De Espera Elevado,Empresa,Mobilidade,67.62
1991,2024-02-11,Serviços De Ti,Atendimento Presencial,73.74,74.56,88,3.6,354,Presencial,15.70,9,Não,Falta De Informação,Utilizador Vulnerável,Habitação,63.45
1992,2024-03-10,Departamento De Saúde Pública,Portal Online,79.58,83.95,64,4.3,302,Chatbot,14.60,8,Não,Falta De Informação,Reforma/Pensionista,Digitalização,75.47
1993,2024-03-27,Direcção De Serviços Financeiros,Balcão Único,77.51,84.16,69,4.1,232,Portal,14.59,8,Sim,Muito Satisfeito,Cidadão,Ambiente,71.31
1994,2024-04-13,Departamento De Inovação E Digitalização,Email,73.97,80.29,75,3.6,249,Aplicacao_Movel,19.02,11,Não,Processo Complicado,Estudante,Inovação,66.99
1995,2024-04-30,Direcção De Recursos Humanos,Serviços Digitais,85.62,88.70,27,4.7,322,Telefone,4.67,5,Sim,Resposta Rápida E Eficaz,Funcionário Público,Educação,85.47
1996,2024-05-17,Departamento De Planeamento Estratégico,Telefone,74.04,77.46,84,3.7,196,Email,18.87,10,Não,Falta De Informação,Empresa,Saúde,62.55
1997,2024-06-03,Serviços De Educação,Chatbot,94.10,89.53,33,4.3,427,Presencial,8.25,5,Sim,Excelente Atendimento,Utilizador Vulnerável,Social,88.63
1998,2024-06-20,Gabinete De Atendimento Ao Cidadão,Atendimento Presencial,77.77,81.51,79,3.6,346,Chatbot,13.99,10,Sim,Precisa Melhorias,Reforma/Pensionista,Cultura,68.44
1999,2024-07-07,Serviços De Ti,Portal Online,82.77,83.58,58,3.9,400,Portal,11.39,7,Sim,Muito Satisfeito,Cidadão,Mobilidade,78.17
2000,2024-07-24,Departamento De Saúde Pública,Balcão Único,85.41,86.43,59,4.1,232,Aplicacao_Movel,10.41,7,Sim,Falta De Informação,Estudante,Habitação,76.64
